row_number,mth,Dint,age,female,male,Dtol,div,Dkli,Dmco,Dmco1,Dmco2,Dmco3,cov,TI,QI,MCI,GIS
1,2020-01,0,18,1,0,0,2,0,0,0,0,0,1,,,,
2,2020-01,0,19,37,96,0,15,0,0,0,0,0,1,,,,
3,2020-01,0,20,79,215,0,14,0,0,0,0,0,1,,,,
4,2020-01,0,21,90,340,1,14,0,0,0,0,0,1,,,,
5,2020-01,0,22,129,438,1,14,0,0,0,0,0,1,,,,
6,2020-01,0,23,204,829,0,16,0,0,0,0,0,1,,,,
7,2020-01,0,24,348,999,0,15,0,0,0,0,0,1,,,,
8,2020-01,0,25,417,"1,324",1,16,0,0,0,0,0,1,,,,
9,2020-01,0,26,571,"1,799",0,17,0,0,0,0,0,1,,,3,
10,2020-01,0,27,646,"2,043",1,15,0,0,0,0,0,1,,,,
11,2020-01,0,28,731,"2,171",1,17,0,0,0,0,0,1,,,,
12,2020-01,0,29,866,"2,206",1,16,0,0,0,0,0,1,,,,
13,2020-01,1,30,901,"2,344",1,18,0,0,0,0,0,1,,,,
14,2020-01,1,31,895,"2,189",1,16,0,0,0,0,0,1,,,,
15,2020-01,1,32,"1,120","2,891",1,18,0,0,0,0,0,1,,,,
16,2020-01,1,33,"1,015","2,423",0,19,0,0,0,0,0,1,,,,
17,2020-01,1,34,"1,061","2,417",0,18,0,0,0,0,0,1,,,,
18,2020-01,1,35,"1,185","2,633",1,17,0,0,0,0,0,1,,1,,
19,2020-01,1,36,"1,123","2,535",1,18,0,0,0,0,0,1,,,,
20,2020-01,1,37,"1,193","2,422",0,18,0,0,0,0,0,1,,,,
21,2020-01,1,38,"1,183","2,486",0,18,0,0,0,0,0,1,3,,,
22,2020-01,1,39,"1,237","2,412",1,17,0,0,0,0,0,1,,,,
23,2020-01,1,40,"1,169","2,326",1,16,0,0,0,0,0,1,,,,
24,2020-01,1,41,"1,269","2,242",0,18,0,0,0,0,0,1,,,,
25,2020-01,1,42,"1,249","2,194",0,16,0,0,0,0,0,1,,,,
26,2020-01,1,43,"1,180","2,121",0,17,0,0,0,0,0,1,,,,
27,2020-01,1,44,"1,355","2,305",0,17,0,0,0,0,0,1,,,,
28,2020-01,1,45,"1,241","2,136",0,18,0,0,0,0,0,1,,,,
29,2020-01,1,46,"1,302","2,162",0,17,0,0,0,0,0,1,,,,
30,2020-01,1,47,"1,261","2,188",0,16,0,0,0,0,0,1,,,,
31,2020-01,1,48,"1,287","2,100",1,19,0,0,0,0,0,1,,,,
32,2020-01,1,49,"1,240","2,100",0,14,0,0,0,0,0,1,,,,
33,2020-01,1,50,"1,158","2,041",0,18,0,0,0,0,0,1,,,,
34,2020-01,1,51,"1,117","1,922",0,16,0,0,0,0,0,1,,,,
35,2020-01,1,52,"1,087","1,813",0,17,0,0,0,0,0,1,,,,
36,2020-01,1,53,"1,134","1,853",0,15,0,0,0,0,0,1,,,,
37,2020-01,1,54,"1,054","1,827",0,16,0,0,0,0,0,1,,,,
38,2020-01,1,55,"1,093","1,749",0,16,0,0,0,0,0,1,,,,
39,2020-01,1,56,"1,085","1,857",0,16,0,0,0,0,0,1,,,,
40,2020-01,1,57,"1,073","1,955",0,15,0,0,0,0,0,1,,,,
41,2020-01,1,58,"1,084","1,884",0,14,0,0,0,0,0,1,,,,
42,2020-01,1,59,"1,112","1,732",0,16,0,0,0,0,0,1,,,,
43,2020-01,0,60,"1,034","1,709",0,17,0,0,0,0,0,1,,,,
44,2020-01,1,61,958,"1,671",0,17,0,0,0,0,0,1,,,,
45,2020-01,0,62,896,"1,645",0,18,0,0,0,0,0,1,,,,
46,2020-01,0,63,954,"1,562",0,15,0,0,0,0,0,1,,,,
47,2020-01,0,64,867,"1,508",0,17,0,0,0,0,0,1,,,,
48,2020-01,0,65,798,"1,443",0,15,0,0,0,0,0,1,,,,
49,2020-01,0,66,716,"1,323",0,17,0,0,0,0,0,1,,,,
50,2020-01,0,67,705,"1,243",0,15,0,0,0,0,0,1,,,,
51,2020-01,0,68,651,"1,164",0,16,0,0,0,0,0,1,,,,
52,2020-01,0,69,580,"1,025",0,15,0,0,0,0,0,1,,,,
53,2020-01,0,70,496,993,0,15,0,0,0,0,0,1,,,,
54,2020-01,0,71,488,944,0,15,0,0,0,0,0,1,,,,
55,2020-01,0,72,432,909,0,15,0,0,0,0,0,1,,,,
56,2020-01,0,73,411,873,0,14,0,0,0,0,0,1,,,,
57,2020-01,0,74,411,704,0,17,0,0,0,0,0,1,,,,
58,2020-01,0,75,230,482,0,14,0,0,0,0,0,1,,,,
59,2020-01,0,76,257,471,0,14,0,0,0,0,0,1,,,,
60,2020-01,0,77,223,508,0,14,0,0,0,0,0,1,,,,
61,2020-01,0,78,201,389,0,16,0,0,0,0,0,1,,,,
62,2020-01,0,79,186,424,0,15,0,0,0,0,0,1,,,,
63,2020-01,0,80,154,333,0,14,0,0,0,0,0,1,,,,
64,2020-01,0,81,117,362,0,15,0,0,0,0,0,1,,,,
65,2020-01,0,82,100,228,0,15,0,0,0,0,0,1,,,,
66,2020-01,0,83,89,159,0,13,0,0,0,0,0,1,,,,
67,2020-01,0,84,68,125,0,13,0,0,0,0,0,1,,,,
68,2020-01,0,85,69,105,0,14,0,0,0,0,0,1,,,,
69,2020-01,0,86,29,67,0,13,0,0,0,0,0,1,,,,
70,2020-01,0,87,41,56,0,14,0,0,0,0,0,1,,,,
71,2020-01,0,88,19,42,0,12,0,0,0,0,0,1,,,,
72,2020-01,0,89,19,41,0,14,0,0,0,0,0,1,,,,
73,2020-01,0,90,11,30,0,12,0,0,0,0,0,1,,,,
74,2020-01,0,91,7,24,0,13,0,0,0,0,0,1,,,,
75,2020-01,0,92,10,16,0,13,0,0,0,0,0,1,,,,
76,2020-01,0,93,7,1,0,11,0,0,0,0,0,1,,,,
77,2020-01,0,94,2,6,0,10,0,0,0,0,0,1,,,,
78,2020-01,0,95,3,3,0,9,0,0,0,0,0,1,,,,
79,2020-01,0,96,6,1,0,8,0,0,0,0,0,1,,,,
80,2020-01,0,97,0,4,0,5,0,0,0,0,0,1,,,,
81,2020-01,0,98,1,1,0,7,0,0,0,0,0,1,,,,
82,2020-01,0,100,1,0,0,2,0,0,0,0,0,1,,,,
83,2020-01,0,102,1,0,0,1,0,0,0,0,0,1,,,,
84,2020-02,0,18,2,1,0,5,1,0,0,0,0,1,,,,
85,2020-02,0,19,45,115,1,14,1,0,0,0,0,1,,,,
86,2020-02,0,20,92,236,1,14,1,0,0,0,0,1,,,,
87,2020-02,0,21,102,393,1,14,1,0,0,0,0,1,,,,
88,2020-02,0,22,158,477,1,14,1,0,0,0,0,1,,,,
89,2020-02,0,23,242,920,0,16,1,0,0,0,0,1,,,,
90,2020-02,0,24,379,"1,127",0,16,1,0,0,0,0,1,,,,
91,2020-02,0,25,486,"1,494",0,16,1,0,0,0,0,1,,,,
92,2020-02,0,26,660,"1,953",0,16,1,0,0,0,0,1,,,,
93,2020-02,0,27,719,"2,268",0,17,1,0,0,0,0,1,,,,
94,2020-02,0,28,834,"2,319",0,16,1,0,0,0,0,1,,,,
95,2020-02,0,29,929,"2,427",0,17,1,0,0,0,0,1,,,,
96,2020-02,1,30,997,"2,575",0,17,1,0,0,0,0,1,,,,
97,2020-02,1,31,977,"2,443",0,17,1,0,0,0,0,1,,,,
98,2020-02,1,32,"1,271","3,035",0,16,1,0,0,0,0,1,,,,
99,2020-02,1,33,"1,100","2,499",0,15,1,0,0,0,0,1,,,,
100,2020-02,1,34,"1,120","2,500",0,16,1,0,0,0,0,1,,,,
101,2020-02,1,35,"1,252","2,814",0,17,1,0,0,0,0,1,,,,
102,2020-02,1,36,"1,213","2,655",0,18,1,0,0,0,0,1,,,,
103,2020-02,1,37,"1,306","2,475",0,17,1,0,0,0,0,1,,,,
104,2020-02,1,38,"1,279","2,638",0,16,1,0,0,0,0,1,,,,
105,2020-02,1,39,"1,317","2,530",0,15,1,0,0,0,0,1,,,,
106,2020-02,1,40,"1,249","2,489",0,17,1,0,0,0,0,1,,,,
107,2020-02,1,41,"1,312","2,438",0,17,1,0,0,0,0,1,,,,
108,2020-02,1,42,"1,320","2,288",0,17,1,0,0,0,0,1,,,,
109,2020-02,1,43,"1,255","2,205",0,16,1,0,0,0,0,1,,,,
110,2020-02,1,44,"1,453","2,387",0,19,1,0,0,0,0,1,,,,
111,2020-02,1,45,"1,338","2,295",0,19,1,0,0,0,0,1,,,,
112,2020-02,1,46,"1,370","2,337",0,17,1,0,0,0,0,1,,,,
113,2020-02,1,47,"1,393","2,272",0,18,1,0,0,0,0,1,,,,
114,2020-02,1,48,"1,372","2,237",1,20,1,0,0,0,0,1,,,,
115,2020-02,1,49,"1,403","2,241",0,17,1,0,0,0,0,1,,,,
116,2020-02,1,50,"1,263","2,134",0,18,1,0,0,0,0,1,,,,
117,2020-02,1,51,"1,229","2,065",0,17,1,0,0,0,0,1,,,,
118,2020-02,1,52,"1,202","1,962",0,16,1,0,0,0,0,1,,,,
119,2020-02,1,53,"1,246","1,996",0,16,1,0,0,0,0,1,,,,
120,2020-02,1,54,"1,174","1,929",0,16,1,0,0,0,0,1,,,,
121,2020-02,1,55,"1,164","1,874",0,17,1,0,0,0,0,1,,,,
122,2020-02,1,56,"1,179","2,015",0,17,1,0,0,0,0,1,,,,
123,2020-02,1,57,"1,183","2,148",0,15,1,0,0,0,0,1,,,,
124,2020-02,1,58,"1,173","1,966",0,15,1,0,0,0,0,1,,,,
125,2020-02,1,59,"1,196","1,898",0,16,1,0,0,0,0,1,,,,
126,2020-02,1,60,"1,116","1,861",0,15,1,0,0,0,0,1,,,,
127,2020-02,1,61,"1,047","1,848",0,17,1,0,0,0,0,1,,,,
128,2020-02,0,62,"1,041","1,782",0,17,1,0,0,0,0,1,,,,
129,2020-02,0,63,974,"1,691",0,16,1,0,0,0,0,1,,,,
130,2020-02,0,64,938,"1,681",0,15,1,0,0,0,0,1,,,,
131,2020-02,0,65,829,"1,567",0,16,1,0,0,0,0,1,,,,
132,2020-02,0,66,792,"1,434",0,15,1,0,0,0,0,1,,,,
133,2020-02,0,67,791,"1,382",0,14,1,0,0,0,0,1,,,,
134,2020-02,0,68,717,"1,294",0,16,1,0,0,0,0,1,,,,
135,2020-02,0,69,611,"1,104",1,14,1,0,0,0,0,1,,,,
136,2020-02,0,70,544,"1,105",0,15,1,0,0,0,0,1,,,,
137,2020-02,0,71,528,"1,012",0,15,1,0,0,0,0,1,,,,
138,2020-02,0,72,468,993,0,15,1,0,0,0,0,1,,,,
139,2020-02,0,73,455,963,0,15,1,0,0,0,0,1,,,,
140,2020-02,0,74,448,751,0,15,1,0,0,0,0,1,,,,
141,2020-02,0,75,232,496,0,14,1,0,0,0,0,1,,,,
142,2020-02,0,76,286,499,0,14,1,0,0,0,0,1,,,,
143,2020-02,0,77,233,551,0,14,1,0,0,0,0,1,,,,
144,2020-02,0,78,227,422,0,15,1,0,0,0,0,1,,,,
145,2020-02,0,79,198,445,0,14,1,0,0,0,0,1,,,,
146,2020-02,0,80,166,356,0,14,1,0,0,0,0,1,,,,
147,2020-02,0,81,120,388,0,14,1,0,0,0,0,1,,,,
148,2020-02,0,82,98,265,0,15,1,0,0,0,0,1,,,,
149,2020-02,0,83,95,173,0,13,1,0,0,0,0,1,,,,
150,2020-02,0,84,62,129,0,14,1,0,0,0,0,1,,,,
151,2020-02,0,85,61,96,0,14,1,0,0,0,0,1,,,,
152,2020-02,0,86,34,76,0,13,1,0,0,0,0,1,,,,
153,2020-02,0,87,34,54,0,14,1,0,0,0,0,1,,,,
154,2020-02,0,88,10,44,0,14,1,0,0,0,0,1,,,,
155,2020-02,0,89,12,37,1,14,1,0,0,0,0,1,,,,
156,2020-02,0,90,12,28,0,12,1,0,0,0,0,1,,,,
157,2020-02,0,91,7,20,0,13,1,0,0,0,0,1,,,,
158,2020-02,0,92,12,16,0,12,1,0,0,0,0,1,,,,
159,2020-02,0,93,4,6,0,7,1,0,0,0,0,1,,,,
160,2020-02,0,94,3,2,0,9,1,0,0,0,0,1,,,,
161,2020-02,0,95,4,3,0,10,1,0,0,0,0,1,,,,
162,2020-02,0,96,5,1,0,7,1,0,0,0,0,1,,,,
163,2020-02,0,97,0,2,0,2,1,0,0,0,0,1,,,,
164,2020-02,0,98,0,2,0,6,1,0,0,0,0,1,,,,
165,2020-02,0,99,1,0,0,9,1,0,0,0,0,1,,,,
166,2020-02,0,100,1,0,0,1,1,0,0,0,0,1,,,,
167,2020-03,0,18,4,6,0,8,1,1,1,0,0,88,,,,
168,2020-03,0,19,58,139,1,14,1,1,1,0,0,88,,,,
169,2020-03,0,20,105,284,1,15,1,1,1,0,0,88,,,,
170,2020-03,0,21,107,421,0,14,1,1,1,0,0,88,,,,
171,2020-03,0,22,178,587,1,14,1,1,1,0,0,88,,,,
172,2020-03,0,23,292,"1,023",0,15,1,1,1,0,0,88,,,,
173,2020-03,0,24,471,"1,382",0,16,1,1,1,0,0,88,,,,
174,2020-03,0,25,558,"1,753",0,16,1,1,1,0,0,88,,,,
175,2020-03,0,26,815,"2,296",1,17,1,1,1,0,0,88,,,,
176,2020-03,0,27,909,"2,611",0,17,1,1,1,0,0,88,,,,
177,2020-03,0,28,"1,027","2,737",0,18,1,1,1,0,0,88,,,,
178,2020-03,0,29,"1,137","2,901",0,18,1,1,1,0,0,88,,,,
179,2020-03,0,30,"1,139","3,042",0,18,1,1,1,0,0,88,,,,
180,2020-03,0,31,"1,137","2,890",0,18,1,1,1,0,0,88,,,,
181,2020-03,1,32,"1,494","3,616",0,17,1,1,1,0,0,88,,,,
182,2020-03,1,33,"1,261","2,989",0,17,1,1,1,0,0,88,,,,
183,2020-03,1,34,"1,303","3,111",0,18,1,1,1,0,0,88,,,,
184,2020-03,1,35,"1,493","3,337",0,16,1,1,1,0,0,88,,,,
185,2020-03,1,36,"1,489","3,254",0,18,1,1,1,0,0,88,,,,
186,2020-03,1,37,"1,508","2,982",0,18,1,1,1,0,0,88,,,,
187,2020-03,1,38,"1,521","3,153",0,17,1,1,1,0,0,88,,,,
188,2020-03,1,39,"1,593","2,992",0,15,1,1,1,0,0,88,,,,
189,2020-03,1,40,"1,521","3,025",0,16,1,1,1,0,0,88,,,,
190,2020-03,1,41,"1,472","2,906",0,18,1,1,1,0,0,88,,,,
191,2020-03,1,42,"1,560","2,846",0,18,1,1,1,0,0,88,,,,
192,2020-03,1,43,"1,479","2,772",0,18,1,1,1,0,0,88,,,,
193,2020-03,1,44,"1,718","3,040",0,16,1,1,1,0,0,88,,,,
194,2020-03,1,45,"1,576","2,850",0,18,1,1,1,0,0,88,,,,
195,2020-03,1,46,"1,661","2,878",0,17,1,1,1,0,0,88,,,,
196,2020-03,1,47,"1,654","2,776",0,19,1,1,1,0,0,88,,,,
197,2020-03,1,48,"1,684","2,874",0,19,1,1,1,0,0,88,,,,
198,2020-03,1,49,"1,684","2,856",0,17,1,1,1,0,0,88,,,,
199,2020-03,1,50,"1,539","2,762",0,19,1,1,1,0,0,88,,,,
200,2020-03,1,51,"1,510","2,525",0,17,1,1,1,0,0,88,,,,
201,2020-03,1,52,"1,517","2,507",0,17,1,1,1,0,0,88,,,,
202,2020-03,1,53,"1,453","2,504",0,17,1,1,1,0,0,88,,,,
203,2020-03,1,54,"1,389","2,413",0,17,1,1,1,0,0,88,,,,
204,2020-03,1,55,"1,411","2,370",0,17,1,1,1,0,0,88,,,,
205,2020-03,1,56,"1,451","2,593",0,17,1,1,1,0,0,88,,,,
206,2020-03,1,57,"1,403","2,649",0,18,1,1,1,0,0,88,,,,
207,2020-03,1,58,"1,491","2,487",0,17,1,1,1,0,0,88,,,,
208,2020-03,1,59,"1,439","2,374",0,16,1,1,1,0,0,88,,,,
209,2020-03,1,60,"1,325","2,363",0,16,1,1,1,0,0,88,,,,
210,2020-03,1,61,"1,276","2,350",0,17,1,1,1,0,0,88,,,,
211,2020-03,1,62,"1,204","2,262",0,18,1,1,1,0,0,88,,,,
212,2020-03,0,63,"1,199","2,128",0,15,1,1,1,0,0,88,,,,
213,2020-03,0,64,"1,103","2,087",0,15,1,1,1,0,0,88,,,,
214,2020-03,0,65,"1,017","1,973",0,17,1,1,1,0,0,88,,,,
215,2020-03,0,66,957,"1,797",0,16,1,1,1,0,0,88,,,,
216,2020-03,0,67,912,"1,765",0,16,1,1,1,0,0,88,,,,
217,2020-03,0,68,846,"1,578",0,16,1,1,1,0,0,88,,,,
218,2020-03,0,69,733,"1,409",0,17,1,1,1,0,0,88,,,,
219,2020-03,0,70,690,"1,357",0,15,1,1,1,0,0,88,,,,
220,2020-03,0,71,626,"1,301",1,16,1,1,1,0,0,88,,,,
221,2020-03,0,72,575,"1,233",0,14,1,1,1,0,0,88,,,,
222,2020-03,0,73,546,"1,135",0,16,1,1,1,0,0,88,,,,
223,2020-03,0,74,537,926,0,16,1,1,1,0,0,88,,,,
224,2020-03,0,75,288,637,0,14,1,1,1,0,0,88,,,,
225,2020-03,0,76,344,643,0,15,1,1,1,0,0,88,,,,
226,2020-03,0,77,272,655,0,15,1,1,1,0,0,88,,,,
227,2020-03,0,78,251,532,0,15,1,1,1,0,0,88,,,,
228,2020-03,0,79,237,578,0,15,1,1,1,0,0,88,,,,
229,2020-03,0,80,171,418,0,15,1,1,1,0,0,88,,,,
230,2020-03,0,81,151,443,0,15,1,1,1,0,0,88,,,,
231,2020-03,0,82,122,299,0,15,1,1,1,0,0,88,,,,
232,2020-03,0,83,104,216,0,13,1,1,1,0,0,88,,,,
233,2020-03,0,84,68,158,0,14,1,1,1,0,0,88,,,,
234,2020-03,0,85,67,128,0,15,1,1,1,0,0,88,,,,
235,2020-03,0,86,47,94,0,13,1,1,1,0,0,88,,,,
236,2020-03,0,87,42,65,0,14,1,1,1,0,0,88,,,,
237,2020-03,0,88,16,54,0,14,1,1,1,0,0,88,,,,
238,2020-03,0,89,18,51,0,14,1,1,1,0,0,88,,,,
239,2020-03,0,90,9,33,0,12,1,1,1,0,0,88,,,,
240,2020-03,0,91,9,22,0,13,1,1,1,0,0,88,,,,
241,2020-03,0,92,9,11,0,13,1,1,1,0,0,88,,,,
242,2020-03,0,93,5,3,0,9,1,1,1,0,0,88,,,,
243,2020-03,0,94,2,3,1,7,1,1,1,0,0,88,,,,
244,2020-03,0,95,2,2,0,10,1,1,1,0,0,88,,,,
245,2020-03,0,96,4,2,0,7,1,1,1,0,0,88,,,,
246,2020-03,0,97,0,4,0,4,1,1,1,0,0,88,,,,
247,2020-03,0,98,0,2,0,10,1,1,1,0,0,88,,,,
248,2020-03,0,101,0,1,0,1,1,1,1,0,0,88,,,,
249,2020-03,0,103,0,1,0,1,1,1,1,0,0,88,,,,
250,2020-04,0,18,5,10,0,12,1,1,1,0,0,108,,,,
251,2020-04,0,19,36,125,1,14,1,1,1,0,0,108,,,,
252,2020-04,0,20,90,300,1,15,1,1,1,0,0,108,,,,
253,2020-04,0,21,113,471,1,16,1,1,1,0,0,108,,,,
254,2020-04,0,22,154,602,1,14,1,1,1,0,0,108,,,,
255,2020-04,0,23,314,"1,072",1,15,1,1,1,0,0,108,,,,
256,2020-04,0,24,465,"1,422",1,17,1,1,1,0,0,108,,,,
257,2020-04,0,25,547,"1,771",1,16,1,1,1,0,0,108,,,,
258,2020-04,0,26,741,"2,318",1,17,1,1,1,0,0,108,,,,
259,2020-04,0,27,851,"2,686",1,16,1,1,1,0,0,108,,,,
260,2020-04,0,28,945,"2,774",1,17,1,1,1,0,0,108,,,,
261,2020-04,0,29,"1,057","2,909",1,19,1,1,1,0,0,108,,,,
262,2020-04,1,30,"1,085","3,223",1,17,1,1,1,0,0,108,,,,
263,2020-04,1,31,"1,116","3,001",1,18,1,1,1,0,0,108,,,,
264,2020-04,1,32,"1,327","3,695",1,17,1,1,1,0,0,108,,,,
265,2020-04,1,33,"1,192","3,246",1,17,1,1,1,0,0,108,,,,
266,2020-04,1,34,"1,208","3,182",1,16,1,1,1,0,0,108,,,,
267,2020-04,1,35,"1,434","3,492",1,17,1,1,1,0,0,108,,,,
268,2020-04,1,36,"1,350","3,286",0,19,1,1,1,0,0,108,,,,
269,2020-04,1,37,"1,380","3,022",0,19,1,1,1,0,0,108,,,,
270,2020-04,1,38,"1,392","3,243",0,18,1,1,1,0,0,108,,,,
271,2020-04,1,39,"1,382","3,017",0,17,1,1,1,0,0,108,,,,
272,2020-04,1,40,"1,325","2,988",0,17,1,1,1,0,0,108,,,,
273,2020-04,1,41,"1,354","2,898",0,17,1,1,1,0,0,108,,,,
274,2020-04,1,42,"1,392","2,744",0,18,1,1,1,0,0,108,,,,
275,2020-04,1,43,"1,356","2,726",0,19,1,1,1,0,0,108,,,,
276,2020-04,1,44,"1,533","2,903",0,15,1,1,1,0,0,108,,,,
277,2020-04,1,45,"1,372","2,723",0,17,1,1,1,0,0,108,,,,
278,2020-04,1,46,"1,407","2,727",0,17,1,1,1,0,0,108,,,,
279,2020-04,1,47,"1,428","2,710",0,17,1,1,1,0,0,108,,,,
280,2020-04,1,48,"1,433","2,625",0,19,1,1,1,0,0,108,,,,
281,2020-04,1,49,"1,486","2,602",0,17,1,1,1,0,0,108,,,,
282,2020-04,1,50,"1,348","2,540",0,17,1,1,1,0,0,108,,,,
283,2020-04,1,51,"1,264","2,363",0,17,1,1,1,0,0,108,,,,
284,2020-04,1,52,"1,298","2,253",0,17,1,1,1,0,0,108,,,,
285,2020-04,1,53,"1,258","2,262",0,15,1,1,1,0,0,108,,,,
286,2020-04,1,54,"1,187","2,226",0,17,1,1,1,0,0,108,,,,
287,2020-04,1,55,"1,208","2,168",0,18,1,1,1,0,0,108,,,,
288,2020-04,1,56,"1,247","2,307",0,18,1,1,1,0,0,108,,,,
289,2020-04,1,57,"1,178","2,407",0,16,1,1,1,0,0,108,,,,
290,2020-04,1,58,"1,235","2,157",0,17,1,1,1,0,0,108,,,,
291,2020-04,1,59,"1,157","2,075",0,16,1,1,1,0,0,108,,,,
292,2020-04,0,60,"1,077","2,020",0,17,1,1,1,0,0,108,,,,
293,2020-04,0,61,"1,042","1,956",0,18,1,1,1,0,0,108,,,,
294,2020-04,0,62,923,"1,916",0,18,1,1,1,0,0,108,,,,
295,2020-04,0,63,977,"1,813",0,15,1,1,1,0,0,108,,,,
296,2020-04,0,64,896,"1,740",0,16,1,1,1,0,0,108,,,,
297,2020-04,0,65,778,"1,609",0,16,1,1,1,0,0,108,,,,
298,2020-04,0,66,753,"1,423",0,16,1,1,1,0,0,108,,,,
299,2020-04,0,67,746,"1,412",0,17,1,1,1,0,0,108,,,,
300,2020-04,0,68,610,"1,279",0,15,1,1,1,0,0,108,,,,
301,2020-04,0,69,571,"1,073",0,16,1,1,1,0,0,108,,,,
302,2020-04,0,70,530,"1,070",0,16,1,1,1,0,0,108,,,,
303,2020-04,0,71,505,"1,004",1,16,1,1,1,0,0,108,,,,
304,2020-04,0,72,433,950,0,16,1,1,1,0,0,108,,,,
305,2020-04,0,73,414,892,0,15,1,1,1,0,0,108,,,,
306,2020-04,0,74,389,697,0,16,1,1,1,0,0,108,,,,
307,2020-04,0,75,223,466,0,14,1,1,1,0,0,108,,,,
308,2020-04,0,76,246,454,0,14,1,1,1,0,0,108,,,,
309,2020-04,0,77,215,493,0,15,1,1,1,0,0,108,,,,
310,2020-04,0,78,179,385,0,16,1,1,1,0,0,108,,,,
311,2020-04,0,79,179,385,0,14,1,1,1,0,0,108,,,,
312,2020-04,0,80,135,321,0,14,1,1,1,0,0,108,,,,
313,2020-04,0,81,114,323,0,15,1,1,1,0,0,108,,,,
314,2020-04,0,82,79,207,0,14,1,1,1,0,0,108,,,,
315,2020-04,0,83,83,146,0,13,1,1,1,0,0,108,,,,
316,2020-04,0,84,58,110,0,14,1,1,1,0,0,108,,,,
317,2020-04,0,85,48,80,0,14,1,1,1,0,0,108,,,,
318,2020-04,0,86,35,70,0,13,1,1,1,0,0,108,,,,
319,2020-04,0,87,31,45,0,14,1,1,1,0,0,108,,,,
320,2020-04,0,88,12,35,0,13,1,1,1,0,0,108,,,,
321,2020-04,0,89,13,27,0,14,1,1,1,0,0,108,,,,
322,2020-04,0,90,5,21,0,12,1,1,1,0,0,108,,,,
323,2020-04,0,91,2,13,0,13,1,1,1,0,0,108,,,,
324,2020-04,0,92,8,9,0,13,1,1,1,0,0,108,,,,
325,2020-04,0,93,2,3,0,6,1,1,1,0,0,108,,,,
326,2020-04,0,94,4,6,0,12,1,1,1,0,0,108,,,,
327,2020-04,0,95,2,2,0,8,1,1,1,0,0,108,,,,
328,2020-04,0,96,4,1,0,7,1,1,1,0,0,108,,,,
329,2020-04,0,97,0,3,0,4,1,1,1,0,0,108,,,,
330,2020-04,0,98,2,2,0,10,1,1,1,0,0,108,,,,
331,2020-05,0,18,8,17,0,10,1,0,0,0,0,59,,,,
332,2020-05,0,19,45,148,0,15,1,0,0,0,0,59,,,,
333,2020-05,0,20,109,329,1,14,1,0,0,0,0,59,,,,
334,2020-05,0,21,126,520,0,14,1,0,0,0,0,59,,,,
335,2020-05,0,22,184,711,1,15,1,0,0,0,0,59,,,,
336,2020-05,0,23,336,"1,187",1,16,1,0,0,0,0,59,,,,
337,2020-05,0,24,545,"1,599",0,18,1,0,0,0,0,59,,,,
338,2020-05,0,25,649,"2,040",1,16,1,0,0,0,0,59,,,,
339,2020-05,0,26,942,"2,653",1,17,1,0,0,0,0,59,,,,
340,2020-05,0,27,"1,015","3,090",0,16,1,0,0,0,0,59,,,,
341,2020-05,0,28,"1,136","3,171",0,17,1,0,0,0,0,59,,,,
342,2020-05,1,29,"1,299","3,362",0,19,1,0,0,0,0,59,,,,
343,2020-05,1,30,"1,372","3,733",1,17,1,0,0,0,0,59,,,,
344,2020-05,1,31,"1,261","3,412",0,17,1,0,0,0,0,59,,,,
345,2020-05,1,32,"1,616","4,147",0,16,1,0,0,0,0,59,,,,
346,2020-05,1,33,"1,428","3,659",0,16,1,0,0,0,0,59,,,,
347,2020-05,1,34,"1,447","3,644",1,16,1,0,0,0,0,59,,,,
348,2020-05,1,35,"1,671","3,925",0,17,1,0,0,0,0,59,,,,
349,2020-05,1,36,"1,563","3,699",0,17,1,0,0,0,0,59,,,,
350,2020-05,1,37,"1,615","3,437",0,17,1,0,0,0,0,59,,,,
351,2020-05,1,38,"1,633","3,614",0,16,1,0,0,0,0,59,,,,
352,2020-05,1,39,"1,684","3,422",0,17,1,0,0,0,0,59,,,,
353,2020-05,1,40,"1,608","3,349",0,17,1,0,0,0,0,59,,,,
354,2020-05,1,41,"1,595","3,239",0,19,1,0,0,0,0,59,,,,
355,2020-05,1,42,"1,645","3,026",0,16,1,0,0,0,0,59,,,,
356,2020-05,1,43,"1,571","2,974",0,18,1,0,0,0,0,59,,,,
357,2020-05,1,44,"1,772","3,262",0,16,1,0,0,0,0,59,,,,
358,2020-05,1,45,"1,612","3,023",0,16,1,0,0,0,0,59,,,,
359,2020-05,1,46,"1,658","2,981",0,16,1,0,0,0,0,59,,,,
360,2020-05,1,47,"1,696","2,902",0,18,1,0,0,0,0,59,,,,
361,2020-05,1,48,"1,700","2,903",0,18,1,0,0,0,0,59,,,,
362,2020-05,1,49,"1,713","2,854",0,18,1,0,0,0,0,59,,,,
363,2020-05,1,50,"1,553","2,797",0,17,1,0,0,0,0,59,,,,
364,2020-05,1,51,"1,468","2,564",0,17,1,0,0,0,0,59,,,,
365,2020-05,1,52,"1,486","2,492",0,16,1,0,0,0,0,59,,,,
366,2020-05,1,53,"1,453","2,458",0,14,1,0,0,0,0,59,,,,
367,2020-05,0,54,"1,381","2,422",0,16,1,0,0,0,0,59,,,,
368,2020-05,1,55,"1,405","2,408",0,17,1,0,0,0,0,59,,,,
369,2020-05,1,56,"1,472","2,494",0,16,1,0,0,0,0,59,,,,
370,2020-05,1,57,"1,408","2,629",0,17,1,0,0,0,0,59,,,,
371,2020-05,1,58,"1,394","2,384",0,16,1,0,0,0,0,59,,,,
372,2020-05,0,59,"1,416","2,286",0,16,1,0,0,0,0,59,,,,
373,2020-05,0,60,"1,302","2,245",0,17,1,0,0,0,0,59,,,,
374,2020-05,0,61,"1,187","2,186",0,16,1,0,0,0,0,59,,,,
375,2020-05,0,62,"1,143","2,079",0,16,1,0,0,0,0,59,,,,
376,2020-05,0,63,"1,183","1,987",0,15,1,0,0,0,0,59,,,,
377,2020-05,0,64,"1,013","1,892",0,16,1,0,0,0,0,59,,,,
378,2020-05,0,65,939,"1,764",0,16,1,0,0,0,0,59,,,,
379,2020-05,0,66,913,"1,651",0,15,1,0,0,0,0,59,,,,
380,2020-05,0,67,860,"1,572",0,15,1,0,0,0,0,59,,,,
381,2020-05,0,68,768,"1,412",0,16,1,0,0,0,0,59,,,,
382,2020-05,0,69,668,"1,198",0,14,1,0,0,0,0,59,,,,
383,2020-05,0,70,604,"1,199",0,17,1,0,0,0,0,59,,,,
384,2020-05,0,71,572,"1,079",1,16,1,0,0,0,0,59,,,,
385,2020-05,0,72,524,"1,053",0,14,1,0,0,0,0,59,,,,
386,2020-05,0,73,520,968,0,15,1,0,0,0,0,59,,,,
387,2020-05,0,74,475,798,0,16,1,0,0,0,0,59,,,,
388,2020-05,0,75,255,539,0,14,1,0,0,0,0,59,,,,
389,2020-05,0,76,306,540,0,15,1,0,0,0,0,59,,,,
390,2020-05,0,77,260,584,0,15,1,0,0,0,0,59,,,,
391,2020-05,0,78,240,428,0,15,1,0,0,0,0,59,,,,
392,2020-05,0,79,220,466,0,14,1,0,0,0,0,59,,,,
393,2020-05,0,80,171,362,0,15,1,0,0,0,0,59,,,,
394,2020-05,0,81,142,393,0,14,1,0,0,0,0,59,,,,
395,2020-05,0,82,129,256,0,15,1,0,0,0,0,59,,,,
396,2020-05,0,83,85,167,0,13,1,0,0,0,0,59,,,,
397,2020-05,0,84,77,126,0,13,1,0,0,0,0,59,,,,
398,2020-05,0,85,65,94,0,15,1,0,0,0,0,59,,,,
399,2020-05,0,86,46,73,0,13,1,0,0,0,0,59,,,,
400,2020-05,0,87,32,62,0,12,1,0,0,0,0,59,,,,
401,2020-05,0,88,13,38,0,13,1,0,0,0,0,59,,,,
402,2020-05,0,89,15,39,0,13,1,0,0,0,0,59,,,,
403,2020-05,0,90,16,29,0,12,1,0,0,0,0,59,,,,
404,2020-05,0,91,6,14,0,13,1,0,0,0,0,59,,,,
405,2020-05,0,92,7,9,0,13,1,0,0,0,0,59,,,,
406,2020-05,0,93,3,5,0,7,1,0,0,0,0,59,,,,
407,2020-05,0,94,2,4,1,9,1,0,0,0,0,59,,,,
408,2020-05,0,95,3,3,0,8,1,0,0,0,0,59,,,,
409,2020-05,0,96,3,2,0,8,1,0,0,0,0,59,,,,
410,2020-05,0,97,0,3,0,4,1,0,0,0,0,59,,,,
411,2020-05,0,98,2,1,0,9,1,0,0,0,0,59,,,,
412,2020-05,0,100,1,0,0,1,1,0,0,0,0,59,,,,
413,2020-06,0,18,10,30,0,14,1,0,0,0,0,27,,,,
414,2020-06,0,19,59,190,0,14,1,0,0,0,0,27,,,,
415,2020-06,0,20,163,403,0,15,1,0,0,0,0,27,,,,
416,2020-06,0,21,165,678,1,14,1,0,0,0,0,27,,,,
417,2020-06,0,22,270,916,1,15,1,0,0,0,0,27,,,,
418,2020-06,0,23,477,"1,505",0,16,1,0,0,0,0,27,,,,
419,2020-06,0,24,696,"2,020",0,18,1,0,0,0,0,27,,,,
420,2020-06,0,25,855,"2,662",1,17,1,0,0,0,0,27,,,,
421,2020-06,0,26,"1,193","3,354",1,18,1,0,0,0,0,27,,,,
422,2020-06,0,27,"1,319","3,869",0,16,1,0,0,0,0,27,,,,
423,2020-06,0,28,"1,526","4,048",0,17,1,0,0,0,0,27,,,,
424,2020-06,1,29,"1,654","4,308",0,19,1,0,0,0,0,27,,,,
425,2020-06,1,30,"1,759","4,761",0,18,1,0,0,0,0,27,,,,
426,2020-06,1,31,"1,643","4,490",0,18,1,0,0,0,0,27,,,,
427,2020-06,1,32,"2,144","5,553",0,17,1,0,0,0,0,27,,,,
428,2020-06,1,33,"1,862","4,888",0,17,1,0,0,0,0,27,,,,
429,2020-06,1,34,"1,960","4,828",0,17,1,0,0,0,0,27,,,,
430,2020-06,1,35,"2,204","5,198",0,17,1,0,0,0,0,27,,,,
431,2020-06,1,36,"2,071","4,942",0,19,1,0,0,0,0,27,,,,
432,2020-06,1,37,"2,083","4,530",0,17,1,0,0,0,0,27,,,,
433,2020-06,1,38,"2,101","4,685",0,17,1,0,0,0,0,27,,,,
434,2020-06,1,39,"2,137","4,352",0,17,1,0,0,0,0,27,,,,
435,2020-06,1,40,"2,067","4,248",0,16,1,0,0,0,0,27,,,,
436,2020-06,1,41,"2,106","4,130",0,16,1,0,0,0,0,27,,,,
437,2020-06,1,42,"2,128","3,888",0,17,1,0,0,0,0,27,,,,
438,2020-06,1,43,"2,045","3,711",0,17,1,0,0,0,0,27,,,,
439,2020-06,1,44,"2,276","4,067",0,17,1,0,0,0,0,27,,,,
440,2020-06,1,45,"2,084","3,683",0,16,1,0,0,0,0,27,,,,
441,2020-06,1,46,"2,093","3,647",0,17,1,0,0,0,0,27,,,,
442,2020-06,1,47,"2,093","3,645",0,19,1,0,0,0,0,27,,,,
443,2020-06,1,48,"2,103","3,588",0,18,1,0,0,0,0,27,,,,
444,2020-06,1,49,"2,092","3,545",0,17,1,0,0,0,0,27,,,,
445,2020-06,1,50,"1,969","3,419",0,18,1,0,0,0,0,27,,,,
446,2020-06,1,51,"1,850","3,152",0,17,1,0,0,0,0,27,,,,
447,2020-06,0,52,"1,873","3,031",0,16,1,0,0,0,0,27,,,,
448,2020-06,1,53,"1,809","3,020",0,18,1,0,0,0,0,27,,,,
449,2020-06,0,54,"1,678","3,079",0,16,1,0,0,0,0,27,,,,
450,2020-06,1,55,"1,742","2,974",0,17,1,0,0,0,0,27,,,,
451,2020-06,1,56,"1,810","3,083",0,17,1,0,0,0,0,27,,,,
452,2020-06,1,57,"1,735","3,136",0,17,1,0,0,0,0,27,,,,
453,2020-06,0,58,"1,684","2,870",0,16,1,0,0,0,0,27,,,,
454,2020-06,0,59,"1,722","2,805",0,18,1,0,0,0,0,27,,,,
455,2020-06,0,60,"1,583","2,744",0,16,1,0,0,0,0,27,,,,
456,2020-06,0,61,"1,416","2,552",0,17,1,0,0,0,0,27,,,,
457,2020-06,0,62,"1,405","2,422",0,16,1,0,0,0,0,27,,,,
458,2020-06,0,63,"1,339","2,302",0,14,1,0,0,0,0,27,,,,
459,2020-06,0,64,"1,259","2,222",0,16,1,0,0,0,0,27,,,,
460,2020-06,0,65,"1,118","2,096",0,17,1,0,0,0,0,27,,,,
461,2020-06,0,66,"1,057","1,908",0,17,1,0,0,0,0,27,,,,
462,2020-06,0,67,"1,007","1,854",0,16,1,0,0,0,0,27,,,,
463,2020-06,0,68,952,"1,646",0,15,1,0,0,0,0,27,,,,
464,2020-06,0,69,777,"1,413",0,15,1,0,0,0,0,27,,,,
465,2020-06,0,70,748,"1,381",0,16,1,0,0,0,0,27,,,,
466,2020-06,0,71,702,"1,310",1,16,1,0,0,0,0,27,,,,
467,2020-06,0,72,644,"1,193",0,15,1,0,0,0,0,27,,,,
468,2020-06,0,73,613,"1,144",0,15,1,0,0,0,0,27,,,,
469,2020-06,0,74,564,932,0,14,1,0,0,0,0,27,,,,
470,2020-06,0,75,302,610,0,14,1,0,0,0,0,27,,,,
471,2020-06,0,76,352,640,0,14,1,0,0,0,0,27,,,,
472,2020-06,0,77,306,675,0,15,1,0,0,0,0,27,,,,
473,2020-06,0,78,274,493,0,15,1,0,0,0,0,27,,,,
474,2020-06,0,79,261,535,0,14,1,0,0,0,0,27,,,,
475,2020-06,0,80,209,400,0,15,1,0,0,0,0,27,,,,
476,2020-06,0,81,155,437,0,15,1,0,0,0,0,27,,,,
477,2020-06,0,82,136,291,0,14,1,0,0,0,0,27,,,,
478,2020-06,0,83,101,188,0,14,1,0,0,0,0,27,,,,
479,2020-06,0,84,86,162,0,15,1,0,0,0,0,27,,,,
480,2020-06,0,85,68,111,0,14,1,0,0,0,0,27,,,,
481,2020-06,0,86,55,86,0,13,1,0,0,0,0,27,,,,
482,2020-06,0,87,41,60,0,13,1,0,0,0,0,27,,,,
483,2020-06,0,88,22,47,0,12,1,0,0,0,0,27,,,,
484,2020-06,0,89,20,45,1,14,1,0,0,0,0,27,,,,
485,2020-06,0,90,20,34,0,12,1,0,0,0,0,27,,,,
486,2020-06,0,91,8,17,0,13,1,0,0,0,0,27,,,,
487,2020-06,0,92,8,11,0,12,1,0,0,0,0,27,,,,
488,2020-06,0,93,4,4,0,9,1,0,0,0,0,27,,,,
489,2020-06,0,94,3,3,0,8,1,0,0,0,0,27,,,,
490,2020-06,0,95,6,3,1,10,1,0,0,0,0,27,,,,
491,2020-06,0,96,4,2,0,5,1,0,0,0,0,27,,,,
492,2020-06,0,97,2,3,0,6,1,0,0,0,0,27,,,,
493,2020-06,0,98,2,1,0,11,1,0,0,0,0,27,,,,
494,2020-06,0,99,1,0,1,4,1,0,0,0,0,27,,,,
495,2020-06,0,100,1,0,0,1,1,0,0,0,0,27,,,,
496,2020-06,0,102,0,1,0,1,1,0,0,0,0,27,,,,
497,2020-06,0,103,0,1,1,3,1,0,0,0,0,27,,,,
498,2020-07,0,18,23,53,1,13,0,0,0,0,0,11,,,,
499,2020-07,0,19,70,248,0,15,0,0,0,0,0,11,,,,
500,2020-07,0,20,191,499,0,15,0,0,0,0,0,11,,,,
501,2020-07,0,21,223,824,1,15,0,0,0,0,0,11,,,,
502,2020-07,0,22,330,"1,068",1,16,0,0,0,0,0,11,,,,
503,2020-07,0,23,579,"1,741",1,16,0,0,0,0,0,11,,,,
504,2020-07,0,24,818,"2,377",1,16,0,0,0,0,0,11,,,,
505,2020-07,0,25,"1,055","3,069",1,18,0,0,0,0,0,11,,,,
506,2020-07,0,26,"1,447","3,702",1,18,0,0,0,0,0,11,,,,
507,2020-07,0,27,"1,561","4,301",1,16,0,0,0,0,0,11,,,,
508,2020-07,0,28,"1,773","4,459",1,17,0,0,0,0,0,11,,,,
509,2020-07,1,29,"1,885","4,867",1,19,0,0,0,0,0,11,,,,
510,2020-07,1,30,"2,084","5,199",1,16,0,0,0,0,0,11,,,,
511,2020-07,1,31,"1,868","4,820",1,17,0,0,0,0,0,11,,,,
512,2020-07,1,32,"2,496","6,011",1,17,0,0,0,0,0,11,,,,
513,2020-07,1,33,"2,134","5,139",1,16,0,0,0,0,0,11,,,,
514,2020-07,1,34,"2,206","5,154",1,18,0,0,0,0,0,11,,,,
515,2020-07,1,35,"2,519","5,556",1,16,0,0,0,0,0,11,,,,
516,2020-07,1,36,"2,462","5,286",0,17,0,0,0,0,0,11,,,,
517,2020-07,1,37,"2,419","4,918",1,19,0,0,0,0,0,11,,,,
518,2020-07,1,38,"2,402","5,111",1,16,0,0,0,0,0,11,,,,
519,2020-07,1,39,"2,536","4,802",0,17,0,0,0,0,0,11,,,,
520,2020-07,1,40,"2,358","4,604",0,16,0,0,0,0,0,11,,,,
521,2020-07,1,41,"2,366","4,557",0,18,0,0,0,0,0,11,,,,
522,2020-07,1,42,"2,497","4,244",0,17,0,0,0,0,0,11,,,,
523,2020-07,1,43,"2,348","4,076",0,17,0,0,0,0,0,11,,,,
524,2020-07,1,44,"2,634","4,453",0,18,0,0,0,0,0,11,,,,
525,2020-07,1,45,"2,388","3,987",0,17,0,0,0,0,0,11,,,,
526,2020-07,1,46,"2,367","3,899",0,17,0,0,0,0,0,11,,,,
527,2020-07,1,47,"2,335","3,901",0,19,0,0,0,0,0,11,,,,
528,2020-07,1,48,"2,382","3,835",0,18,0,0,0,0,0,11,,,,
529,2020-07,1,49,"2,371","3,811",0,18,0,0,0,0,0,11,,,,
530,2020-07,1,50,"2,195","3,723",0,18,0,0,0,0,0,11,,,,
531,2020-07,1,51,"2,116","3,384",0,17,0,0,0,0,0,11,,,,
532,2020-07,1,52,"2,062","3,300",0,17,0,0,0,0,0,11,,,,
533,2020-07,0,53,"2,052","3,166",0,17,0,0,0,0,0,11,,,,
534,2020-07,0,54,"1,888","3,189",0,19,0,0,0,0,0,11,,,,
535,2020-07,1,55,"1,941","3,169",0,17,0,0,0,0,0,11,,,,
536,2020-07,1,56,"2,006","3,236",0,16,0,0,0,0,0,11,,,,
537,2020-07,1,57,"1,941","3,346",0,16,0,0,0,0,0,11,,,,
538,2020-07,0,58,"1,890","3,017",0,17,0,0,0,0,0,11,,,,
539,2020-07,0,59,"1,856","2,914",0,19,0,0,0,0,0,11,,,,
540,2020-07,0,60,"1,790","2,845",0,17,0,0,0,0,0,11,,,,
541,2020-07,0,61,"1,589","2,755",0,18,0,0,0,0,0,11,,,,
542,2020-07,0,62,"1,554","2,611",0,17,0,0,0,0,0,11,,,,
543,2020-07,0,63,"1,500","2,458",0,17,0,0,0,0,0,11,,,,
544,2020-07,0,64,"1,385","2,437",0,17,0,0,0,0,0,11,,,,
545,2020-07,0,65,"1,268","2,238",0,17,0,0,0,0,0,11,,,,
546,2020-07,0,66,"1,168","2,037",0,17,0,0,0,0,0,11,,,,
547,2020-07,0,67,"1,148","1,994",0,17,0,0,0,0,0,11,,,,
548,2020-07,0,68,"1,014","1,736",0,17,0,0,0,0,0,11,,,,
549,2020-07,0,69,878,"1,554",0,17,0,0,0,0,0,11,,,,
550,2020-07,0,70,834,"1,471",0,16,0,0,0,0,0,11,,,,
551,2020-07,0,71,768,"1,399",1,15,0,0,0,0,0,11,,,,
552,2020-07,0,72,720,"1,327",0,16,0,0,0,0,0,11,,,,
553,2020-07,0,73,700,"1,204",0,15,0,0,0,0,0,11,,,,
554,2020-07,0,74,636,"1,001",0,16,0,0,0,0,0,11,,,,
555,2020-07,0,75,353,652,0,15,0,0,0,0,0,11,,,,
556,2020-07,0,76,391,690,0,15,0,0,0,0,0,11,,,,
557,2020-07,0,77,325,746,0,14,0,0,0,0,0,11,,,,
558,2020-07,0,78,307,526,0,15,0,0,0,0,0,11,,,,
559,2020-07,0,79,259,587,1,14,0,0,0,0,0,11,,,,
560,2020-07,0,80,231,433,0,16,0,0,0,0,0,11,,,,
561,2020-07,0,81,172,481,0,13,0,0,0,0,0,11,,,,
562,2020-07,0,82,149,328,0,15,0,0,0,0,0,11,,,,
563,2020-07,0,83,110,192,0,13,0,0,0,0,0,11,,,,
564,2020-07,0,84,93,175,0,13,0,0,0,0,0,11,,,,
565,2020-07,0,85,78,120,0,14,0,0,0,0,0,11,,,,
566,2020-07,0,86,63,86,0,13,0,0,0,0,0,11,,,,
567,2020-07,0,87,45,68,0,13,0,0,0,0,0,11,,,,
568,2020-07,0,88,22,54,0,13,0,0,0,0,0,11,,,,
569,2020-07,0,89,23,53,0,14,0,0,0,0,0,11,,,,
570,2020-07,0,90,20,34,0,13,0,0,0,0,0,11,,,,
571,2020-07,0,91,8,21,0,13,0,0,0,0,0,11,,,,
572,2020-07,0,92,10,12,0,12,0,0,0,0,0,11,,,,
573,2020-07,0,93,5,3,0,7,0,0,0,0,0,11,,,,
574,2020-07,0,94,1,2,0,6,0,0,0,0,0,11,,,,
575,2020-07,0,95,5,5,1,9,0,0,0,0,0,11,,,,
576,2020-07,0,96,4,3,0,7,0,0,0,0,0,11,,,,
577,2020-07,0,97,2,2,0,6,0,0,0,0,0,11,,,,
578,2020-07,0,98,2,2,0,8,0,0,0,0,0,11,,,,
579,2020-07,0,99,2,0,0,7,0,0,0,0,0,11,,,,
580,2020-07,0,100,1,0,0,1,0,0,0,0,0,11,,,,
581,2020-08,0,18,28,67,1,14,1,0,0,0,0,12,,,,
582,2020-08,0,19,89,315,1,15,1,0,0,0,0,12,,,,
583,2020-08,0,20,231,673,0,15,1,0,0,0,0,12,,,,
584,2020-08,0,21,283,958,0,15,1,0,0,0,0,12,,,,
585,2020-08,0,22,385,"1,255",1,15,1,0,0,0,0,12,,,,
586,2020-08,0,23,721,"2,123",1,16,1,0,0,0,0,12,,,,
587,2020-08,0,24,961,"2,816",1,17,1,0,0,0,0,12,,,,
588,2020-08,0,25,"1,265","3,602",1,17,1,0,0,0,0,12,,,,
589,2020-08,0,26,"1,664","4,361",1,17,1,0,0,0,0,12,,,,
590,2020-08,0,27,"1,840","4,933",1,16,1,0,0,0,0,12,,,,
591,2020-08,0,28,"2,035","5,259",0,16,1,0,0,0,0,12,,,,
592,2020-08,1,29,"2,275","5,615",1,19,1,0,0,0,0,12,,,,
593,2020-08,1,30,"2,459","6,119",1,17,1,0,0,0,0,12,,,,
594,2020-08,1,31,"2,251","5,580",0,19,1,0,0,0,0,12,,,,
595,2020-08,1,32,"2,961","7,043",1,18,1,0,0,0,0,12,,,,
596,2020-08,1,33,"2,567","5,986",0,17,1,0,0,0,0,12,,,,
597,2020-08,1,34,"2,627","6,099",0,16,1,0,0,0,0,12,,,,
598,2020-08,1,35,"3,021","6,503",0,17,1,0,0,0,0,12,,,,
599,2020-08,1,36,"2,876","6,189",0,19,1,0,0,0,0,12,,,,
600,2020-08,1,37,"2,946","5,756",0,18,1,0,0,0,0,12,,,,
601,2020-08,1,38,"2,950","6,035",0,16,1,0,0,0,0,12,,,,
602,2020-08,1,39,"3,037","5,661",0,18,1,0,0,0,0,12,,,,
603,2020-08,1,40,"2,853","5,444",0,16,1,0,0,0,0,12,,,,
604,2020-08,1,41,"2,880","5,352",0,17,1,0,0,0,0,12,,,,
605,2020-08,1,42,"2,962","5,039",0,16,1,0,0,0,0,12,,,,
606,2020-08,1,43,"2,809","4,776",0,17,1,0,0,0,0,12,,,,
607,2020-08,1,44,"3,116","5,226",0,17,1,0,0,0,0,12,,,,
608,2020-08,1,45,"2,838","4,678",0,17,1,0,0,0,0,12,,,,
609,2020-08,1,46,"2,854","4,614",0,17,1,0,0,0,0,12,,,,
610,2020-08,1,47,"2,815","4,573",0,17,1,0,0,0,0,12,,,,
611,2020-08,1,48,"2,839","4,486",0,18,1,0,0,0,0,12,,,,
612,2020-08,1,49,"2,819","4,409",0,17,1,0,0,0,0,12,,,,
613,2020-08,1,50,"2,617","4,275",0,18,1,0,0,0,0,12,,,,
614,2020-08,1,51,"2,501","3,875",0,16,1,0,0,0,0,12,,,,
615,2020-08,0,52,"2,375","3,789",0,17,1,0,0,0,0,12,,,,
616,2020-08,0,53,"2,361","3,633",0,17,1,0,0,0,0,12,,,,
617,2020-08,0,54,"2,270","3,630",0,18,1,0,0,0,0,12,,,,
618,2020-08,0,55,"2,306","3,751",0,16,1,0,0,0,0,12,,,,
619,2020-08,1,56,"2,379","3,691",0,17,1,0,0,0,0,12,,,,
620,2020-08,0,57,"2,173","3,753",0,17,1,0,0,0,0,12,,,,
621,2020-08,0,58,"2,242","3,464",0,17,1,0,0,0,0,12,,,,
622,2020-08,0,59,"2,171","3,323",0,18,1,0,0,0,0,12,,,,
623,2020-08,0,60,"2,073","3,260",0,17,1,0,0,0,0,12,,,,
624,2020-08,0,61,"1,821","3,068",0,18,1,0,0,0,0,12,,,,
625,2020-08,0,62,"1,808","2,983",0,17,1,0,0,0,0,12,,,,
626,2020-08,0,63,"1,663","2,742",0,18,1,0,0,0,0,12,,,,
627,2020-08,0,64,"1,604","2,706",0,16,1,0,0,0,0,12,,,,
628,2020-08,0,65,"1,424","2,541",0,19,1,0,0,0,0,12,,,,
629,2020-08,0,66,"1,332","2,294",0,16,1,0,0,0,0,12,,,,
630,2020-08,0,67,"1,338","2,174",0,17,1,0,0,0,0,12,,,,
631,2020-08,0,68,"1,153","1,958",0,16,1,0,0,0,0,12,,,,
632,2020-08,0,69,957,"1,703",0,14,1,0,0,0,0,12,,,,
633,2020-08,0,70,946,"1,629",0,15,1,0,0,0,0,12,,,,
634,2020-08,0,71,875,"1,554",1,16,1,0,0,0,0,12,,,,
635,2020-08,0,72,799,"1,444",0,17,1,0,0,0,0,12,,,,
636,2020-08,0,73,736,"1,363",0,15,1,0,0,0,0,12,,,,
637,2020-08,0,74,671,"1,131",0,16,1,0,0,0,0,12,,,,
638,2020-08,0,75,370,750,0,14,1,0,0,0,0,12,,,,
639,2020-08,0,76,425,715,0,14,1,0,0,0,0,12,,,,
640,2020-08,0,77,377,792,0,15,1,0,0,0,0,12,,,,
641,2020-08,0,78,353,572,0,14,1,0,0,0,0,12,,,,
642,2020-08,0,79,287,626,1,14,1,0,0,0,0,12,,,,
643,2020-08,0,80,227,463,0,14,1,0,0,0,0,12,,,,
644,2020-08,0,81,181,488,0,14,1,0,0,0,0,12,,,,
645,2020-08,0,82,165,356,0,14,1,0,0,0,0,12,,,,
646,2020-08,0,83,102,214,0,13,1,0,0,0,0,12,,,,
647,2020-08,0,84,98,183,0,13,1,0,0,0,0,12,,,,
648,2020-08,0,85,88,125,0,15,1,0,0,0,0,12,,,,
649,2020-08,0,86,63,102,0,13,1,0,0,0,0,12,,,,
650,2020-08,0,87,47,67,0,13,1,0,0,0,0,12,,,,
651,2020-08,0,88,21,60,0,12,1,0,0,0,0,12,,,,
652,2020-08,0,89,18,50,0,14,1,0,0,0,0,12,,,,
653,2020-08,0,90,18,36,0,13,1,0,0,0,0,12,,,,
654,2020-08,0,91,11,16,0,13,1,0,0,0,0,12,,,,
655,2020-08,0,92,8,17,0,11,1,0,0,0,0,12,,,,
656,2020-08,0,93,2,4,0,8,1,0,0,0,0,12,,,,
657,2020-08,0,94,4,2,0,8,1,0,0,0,0,12,,,,
658,2020-08,0,95,4,4,1,12,1,0,0,0,0,12,,,,
659,2020-08,0,96,5,4,0,11,1,0,0,0,0,12,,,,
660,2020-08,0,97,0,2,0,4,1,0,0,0,0,12,,,,
661,2020-08,0,98,1,2,0,10,1,0,0,0,0,12,,,,
662,2020-08,0,99,2,0,0,7,1,0,0,0,0,12,,,,
663,2020-09,0,18,29,73,1,13,0,0,0,0,0,63,,,,
664,2020-09,0,19,104,293,0,14,0,0,0,0,0,63,,,,
665,2020-09,0,20,209,636,1,15,0,0,0,0,0,63,,,,
666,2020-09,0,21,272,975,0,15,0,0,0,0,0,63,,,,
667,2020-09,0,22,346,"1,205",0,15,0,0,0,0,0,63,,,,
668,2020-09,0,23,632,"2,010",1,17,0,0,0,0,0,63,,,,
669,2020-09,0,24,891,"2,625",1,17,0,0,0,0,0,63,,,,
670,2020-09,0,25,"1,132","3,297",1,17,0,0,0,0,0,63,,,,
671,2020-09,0,26,"1,489","3,976",1,17,0,0,0,0,0,63,,,,
672,2020-09,0,27,"1,615","4,491",1,16,0,0,0,0,0,63,,,,
673,2020-09,0,28,"1,828","4,741",0,16,0,0,0,0,0,63,,,,
674,2020-09,1,29,"2,033","5,137",1,18,0,0,0,0,0,63,,,,
675,2020-09,1,30,"2,128","5,525",1,18,0,0,0,0,0,63,,,,
676,2020-09,1,31,"1,996","5,033",0,17,0,0,0,0,0,63,,,,
677,2020-09,1,32,"2,602","6,449",0,18,0,0,0,0,0,63,,,,
678,2020-09,1,33,"2,329","5,543",1,18,0,0,0,0,0,63,,,,
679,2020-09,1,34,"2,348","5,499",0,18,0,0,0,0,0,63,,,,
680,2020-09,1,35,"2,757","6,001",0,17,0,0,0,0,0,63,,,,
681,2020-09,1,36,"2,576","5,665",0,18,0,0,0,0,0,63,,,,
682,2020-09,1,37,"2,667","5,246",0,18,0,0,0,0,0,63,,,,
683,2020-09,1,38,"2,581","5,461",0,16,0,0,0,0,0,63,,,,
684,2020-09,1,39,"2,650","5,153",0,18,0,0,0,0,0,63,,,,
685,2020-09,1,40,"2,513","4,932",0,16,0,0,0,0,0,63,,,,
686,2020-09,1,41,"2,587","4,913",0,18,0,0,0,0,0,63,,,,
687,2020-09,1,42,"2,589","4,560",0,18,0,0,0,0,0,63,,,,
688,2020-09,1,43,"2,519","4,401",0,16,0,0,0,0,0,63,,,,
689,2020-09,1,44,"2,769","4,656",0,16,0,0,0,0,0,63,,,,
690,2020-09,1,45,"2,502","4,286",0,16,0,0,0,0,0,63,,,,
691,2020-09,1,46,"2,547","4,172",0,15,0,0,0,0,0,63,,,,
692,2020-09,1,47,"2,500","4,201",0,17,0,0,0,0,0,63,,,,
693,2020-09,1,48,"2,532","4,056",0,17,0,0,0,0,0,63,,,,
694,2020-09,1,49,"2,442","4,028",0,17,0,0,0,0,0,63,,,,
695,2020-09,1,50,"2,350","3,970",0,18,0,0,0,0,0,63,,,,
696,2020-09,1,51,"2,161","3,487",0,16,0,0,0,0,0,63,,,,
697,2020-09,0,52,"2,117","3,421",0,16,0,0,0,0,0,63,,,,
698,2020-09,0,53,"2,077","3,262",0,16,0,0,0,0,0,63,,,,
699,2020-09,0,54,"1,971","3,313",0,18,0,0,0,0,0,63,,,,
700,2020-09,0,55,"1,989","3,390",0,17,0,0,0,0,0,63,,,,
701,2020-09,1,56,"2,041","3,332",0,15,0,0,0,0,0,63,,,,
702,2020-09,0,57,"1,897","3,349",0,17,0,0,0,0,0,63,,,,
703,2020-09,0,58,"1,909","3,081",0,17,0,0,0,0,0,63,,,,
704,2020-09,0,59,"1,865","2,984",0,18,0,0,0,0,0,63,,,,
705,2020-09,0,60,"1,724","2,911",0,17,0,0,0,0,0,63,,,,
706,2020-09,0,61,"1,523","2,752",0,17,0,0,0,0,0,63,,,,
707,2020-09,0,62,"1,546","2,652",0,16,0,0,0,0,0,63,,,,
708,2020-09,0,63,"1,456","2,429",0,17,0,0,0,0,0,63,,,,
709,2020-09,0,64,"1,324","2,420",0,17,0,0,0,0,0,63,,,,
710,2020-09,0,65,"1,238","2,236",0,16,0,0,0,0,0,63,,,,
711,2020-09,0,66,"1,116","1,998",0,16,0,0,0,0,0,63,,,,
712,2020-09,0,67,"1,112","1,955",0,15,0,0,0,0,0,63,,,,
713,2020-09,0,68,996,"1,702",0,15,0,0,0,0,0,63,,,,
714,2020-09,0,69,844,"1,461",0,15,0,0,0,0,0,63,,,,
715,2020-09,0,70,783,"1,447",0,16,0,0,0,0,0,63,,,,
716,2020-09,0,71,700,"1,344",1,16,0,0,0,0,0,63,,,,
717,2020-09,0,72,684,"1,293",0,14,0,0,0,0,0,63,,,,
718,2020-09,0,73,662,"1,204",0,15,0,0,0,0,0,63,,,,
719,2020-09,0,74,561,989,0,16,0,0,0,0,0,63,,,,
720,2020-09,0,75,331,653,0,14,0,0,0,0,0,63,,,,
721,2020-09,0,76,387,638,0,14,0,0,0,0,0,63,,,,
722,2020-09,0,77,316,708,0,14,0,0,0,0,0,63,,,,
723,2020-09,0,78,271,521,0,14,0,0,0,0,0,63,,,,
724,2020-09,0,79,251,556,0,14,0,0,0,0,0,63,,,,
725,2020-09,0,80,182,441,0,13,0,0,0,0,0,63,,,,
726,2020-09,0,81,164,437,0,14,0,0,0,0,0,63,,,,
727,2020-09,0,82,129,305,0,14,0,0,0,0,0,63,,,,
728,2020-09,0,83,94,198,0,13,0,0,0,0,0,63,,,,
729,2020-09,0,84,64,146,0,13,0,0,0,0,0,63,,,,
730,2020-09,0,85,70,109,0,14,0,0,0,0,0,63,,,,
731,2020-09,0,86,46,82,0,13,0,0,0,0,0,63,,,,
732,2020-09,0,87,45,57,0,13,0,0,0,0,0,63,,,,
733,2020-09,0,88,20,46,0,13,0,0,0,0,0,63,,,,
734,2020-09,0,89,14,48,0,14,0,0,0,0,0,63,,,,
735,2020-09,0,90,18,33,0,13,0,0,0,0,0,63,,,,
736,2020-09,0,91,6,22,0,13,0,0,0,0,0,63,,,,
737,2020-09,0,92,8,10,0,12,0,0,0,0,0,63,,,,
738,2020-09,0,93,4,3,0,7,0,0,0,0,0,63,,,,
739,2020-09,0,94,5,1,0,9,0,0,0,0,0,63,,,,
740,2020-09,0,95,6,3,1,9,0,0,0,0,0,63,,,,
741,2020-09,0,96,4,2,0,7,0,0,0,0,0,63,,,,
742,2020-09,0,97,1,2,0,3,0,0,0,0,0,63,,,,
743,2020-09,0,98,1,2,0,9,0,0,0,0,0,63,,,,
744,2020-09,0,100,1,0,0,3,0,0,0,0,0,63,,,,
745,2020-10,0,18,40,101,0,13,1,0,0,0,0,656,,,,
746,2020-10,0,19,131,314,0,14,1,0,0,0,0,656,,,,
747,2020-10,0,20,234,649,0,14,1,0,0,0,0,656,,,,
748,2020-10,0,21,279,947,0,16,1,0,0,0,0,656,,,,
749,2020-10,0,22,408,"1,240",1,16,1,0,0,0,0,656,,,,
750,2020-10,0,23,648,"2,005",1,16,1,0,0,0,0,656,,,,
751,2020-10,0,24,890,"2,596",1,16,1,0,0,0,0,656,,,,
752,2020-10,0,25,"1,186","3,153",1,16,1,0,0,0,0,656,,,,
753,2020-10,0,26,"1,481","3,829",1,17,1,0,0,0,0,656,,,,
754,2020-10,0,27,"1,642","4,343",1,16,1,0,0,0,0,656,,,,
755,2020-10,0,28,"1,803","4,586",0,16,1,0,0,0,0,656,,,,
756,2020-10,1,29,"1,988","4,985",0,16,1,0,0,0,0,656,,,,
757,2020-10,1,30,"2,137","5,333",1,17,1,0,0,0,0,656,,,,
758,2020-10,1,31,"1,968","4,769",0,16,1,0,0,0,0,656,,,,
759,2020-10,1,32,"2,547","6,169",0,18,1,0,0,0,0,656,,,,
760,2020-10,1,33,"2,229","5,229",0,16,1,0,0,0,0,656,,,,
761,2020-10,1,34,"2,291","5,258",0,16,1,0,0,0,0,656,,,,
762,2020-10,1,35,"2,686","5,748",0,18,1,0,0,0,0,656,,,,
763,2020-10,1,36,"2,509","5,384",0,19,1,0,0,0,0,656,,,,
764,2020-10,1,37,"2,591","4,977",0,18,1,0,0,0,0,656,,,,
765,2020-10,1,38,"2,549","5,200",0,17,1,0,0,0,0,656,,,,
766,2020-10,1,39,"2,607","4,960",0,17,1,0,0,0,0,656,,,,
767,2020-10,1,40,"2,461","4,812",0,17,1,0,0,0,0,656,,,,
768,2020-10,1,41,"2,481","4,646",0,16,1,0,0,0,0,656,,,,
769,2020-10,1,42,"2,556","4,431",0,16,1,0,0,0,0,656,,,,
770,2020-10,1,43,"2,461","4,200",0,17,1,0,0,0,0,656,,,,
771,2020-10,1,44,"2,736","4,537",0,17,1,0,0,0,0,656,,,,
772,2020-10,1,45,"2,459","4,106",0,17,1,0,0,0,0,656,,,,
773,2020-10,1,46,"2,522","3,999",0,17,1,0,0,0,0,656,,,,
774,2020-10,1,47,"2,424","4,097",0,17,1,0,0,0,0,656,,,,
775,2020-10,1,48,"2,476","3,943",0,17,1,0,0,0,0,656,,,,
776,2020-10,1,49,"2,481","3,932",0,17,1,0,0,0,0,656,,,,
777,2020-10,1,50,"2,292","3,853",0,18,1,0,0,0,0,656,,,,
778,2020-10,1,51,"2,194","3,381",0,17,1,0,0,0,0,656,,,,
779,2020-10,0,52,"2,103","3,322",0,17,1,0,0,0,0,656,,,,
780,2020-10,0,53,"2,057","3,135",0,17,1,0,0,0,0,656,,,,
781,2020-10,0,54,"1,974","3,187",0,17,1,0,0,0,0,656,,,,
782,2020-10,1,55,"1,971","3,359",0,16,1,0,0,0,0,656,,,,
783,2020-10,1,56,"2,013","3,258",0,17,1,0,0,0,0,656,,,,
784,2020-10,0,57,"1,885","3,271",0,17,1,0,0,0,0,656,,,,
785,2020-10,0,58,"1,881","2,941",0,16,1,0,0,0,0,656,,,,
786,2020-10,0,59,"1,906","2,864",0,17,1,0,0,0,0,656,,,,
787,2020-10,0,60,"1,730","2,852",0,16,1,0,0,0,0,656,,,,
788,2020-10,0,61,"1,511","2,722",0,17,1,0,0,0,0,656,,,,
789,2020-10,0,62,"1,519","2,580",0,15,1,0,0,0,0,656,,,,
790,2020-10,0,63,"1,452","2,389",0,16,1,0,0,0,0,656,,,,
791,2020-10,0,64,"1,333","2,353",0,17,1,0,0,0,0,656,,,,
792,2020-10,0,65,"1,210","2,185",0,14,1,0,0,0,0,656,,,,
793,2020-10,0,66,"1,138","1,954",0,17,1,0,0,0,0,656,,,,
794,2020-10,0,67,"1,102","1,907",0,16,1,0,0,0,0,656,,,,
795,2020-10,0,68,997,"1,705",0,16,1,0,0,0,0,656,,,,
796,2020-10,0,69,830,"1,435",0,15,1,0,0,0,0,656,,,,
797,2020-10,0,70,807,"1,409",0,16,1,0,0,0,0,656,,,,
798,2020-10,0,71,729,"1,335",1,16,1,0,0,0,0,656,,,,
799,2020-10,0,72,677,"1,249",0,16,1,0,0,0,0,656,,,,
800,2020-10,0,73,643,"1,165",0,15,1,0,0,0,0,656,,,,
801,2020-10,0,74,558,981,0,15,1,0,0,0,0,656,,,,
802,2020-10,0,75,297,627,0,15,1,0,0,0,0,656,,,,
803,2020-10,0,76,387,620,0,13,1,0,0,0,0,656,,,,
804,2020-10,0,77,306,668,0,14,1,0,0,0,0,656,,,,
805,2020-10,0,78,267,492,0,14,1,0,0,0,0,656,,,,
806,2020-10,0,79,249,531,0,14,1,0,0,0,0,656,,,,
807,2020-10,0,80,204,390,0,14,1,0,0,0,0,656,,,,
808,2020-10,0,81,155,431,0,14,1,0,0,0,0,656,,,,
809,2020-10,0,82,136,294,0,14,1,0,0,0,0,656,,,,
810,2020-10,0,83,98,202,0,13,1,0,0,0,0,656,,,,
811,2020-10,0,84,86,151,0,13,1,0,0,0,0,656,,,,
812,2020-10,0,85,75,104,0,14,1,0,0,0,0,656,,,,
813,2020-10,0,86,49,96,0,13,1,0,0,0,0,656,,,,
814,2020-10,0,87,42,54,0,13,1,0,0,0,0,656,,,,
815,2020-10,0,88,17,41,0,13,1,0,0,0,0,656,,,,
816,2020-10,0,89,17,42,0,14,1,0,0,0,0,656,,,,
817,2020-10,0,90,12,29,0,12,1,0,0,0,0,656,,,,
818,2020-10,0,91,17,15,0,13,1,0,0,0,0,656,,,,
819,2020-10,0,92,6,15,0,11,1,0,0,0,0,656,,,,
820,2020-10,0,93,3,4,0,7,1,0,0,0,0,656,,,,
821,2020-10,0,94,3,3,0,9,1,0,0,0,0,656,,,,
822,2020-10,0,95,6,4,0,10,1,0,0,0,0,656,,,,
823,2020-10,0,96,4,5,0,9,1,0,0,0,0,656,,,,
824,2020-10,0,97,0,1,0,1,1,0,0,0,0,656,,,,
825,2020-10,0,98,1,1,0,5,1,0,0,0,0,656,,,,
826,2020-10,0,100,1,0,0,1,1,0,0,0,0,656,,,,
827,2020-11,0,18,53,144,1,15,1,0,0,0,0,1138,,,,
828,2020-11,0,19,144,395,0,15,1,0,0,0,0,1138,,,,
829,2020-11,0,20,309,839,1,15,1,0,0,0,0,1138,,,,
830,2020-11,0,21,332,"1,160",1,15,1,0,0,0,0,1138,,,,
831,2020-11,0,22,476,"1,547",0,16,1,0,0,0,0,1138,,,,
832,2020-11,0,23,802,"2,341",1,17,1,0,0,0,0,1138,,,,
833,2020-11,0,24,"1,058","3,122",1,17,1,0,0,0,0,1138,,,,
834,2020-11,0,25,"1,366","3,789",1,16,1,0,0,0,0,1138,,,,
835,2020-11,0,26,"1,749","4,601",1,17,1,0,0,0,0,1138,,,,
836,2020-11,0,27,"1,925","5,117",1,18,1,0,0,0,0,1138,,,,
837,2020-11,0,28,"2,084","5,286",0,17,1,0,0,0,0,1138,,,,
838,2020-11,1,29,"2,233","5,672",1,18,1,0,0,0,0,1138,,,,
839,2020-11,1,30,"2,452","6,288",1,18,1,0,0,0,0,1138,,,,
840,2020-11,1,31,"2,256","5,573",1,18,1,0,0,0,0,1138,,,,
841,2020-11,1,32,"2,900","7,181",1,17,1,0,0,0,0,1138,,,,
842,2020-11,1,33,"2,599","6,063",0,17,1,0,0,0,0,1138,,,,
843,2020-11,1,34,"2,671","6,193",0,17,1,0,0,0,0,1138,,,,
844,2020-11,1,35,"3,176","6,599",0,17,1,0,0,0,0,1138,,,,
845,2020-11,1,36,"2,975","6,215",0,20,1,0,0,0,0,1138,,,,
846,2020-11,1,37,"3,022","5,790",0,18,1,0,0,0,0,1138,,,,
847,2020-11,1,38,"2,951","5,989",0,19,1,0,0,0,0,1138,,,,
848,2020-11,1,39,"2,987","5,714",0,18,1,0,0,0,0,1138,,,,
849,2020-11,1,40,"2,871","5,543",1,17,1,0,0,0,0,1138,,,,
850,2020-11,1,41,"2,919","5,327",0,19,1,0,0,0,0,1138,,,,
851,2020-11,1,42,"2,956","5,064",0,18,1,0,0,0,0,1138,,,,
852,2020-11,1,43,"2,789","4,837",0,17,1,0,0,0,0,1138,,,,
853,2020-11,1,44,"3,151","5,194",0,18,1,0,0,0,0,1138,,,,
854,2020-11,1,45,"2,850","4,746",0,18,1,0,0,0,0,1138,,,,
855,2020-11,1,46,"2,887","4,614",0,17,1,0,0,0,0,1138,,,,
856,2020-11,1,47,"2,854","4,680",0,18,1,0,0,0,0,1138,,,,
857,2020-11,1,48,"2,922","4,487",1,18,1,0,0,0,0,1138,,,,
858,2020-11,1,49,"2,869","4,467",0,17,1,0,0,0,0,1138,,,,
859,2020-11,1,50,"2,649","4,372",0,17,1,0,0,0,0,1138,,,,
860,2020-11,1,51,"2,523","3,892",0,18,1,0,0,0,0,1138,,,,
861,2020-11,0,52,"2,361","3,832",0,17,1,0,0,0,0,1138,,,,
862,2020-11,0,53,"2,327","3,615",0,18,1,0,0,0,0,1138,,,,
863,2020-11,0,54,"2,246","3,623",0,18,1,0,0,0,0,1138,,,,
864,2020-11,1,55,"2,298","3,848",0,16,1,0,0,0,0,1138,,,,
865,2020-11,1,56,"2,345","3,694",0,17,1,0,0,0,0,1138,,,,
866,2020-11,0,57,"2,137","3,654",0,16,1,0,0,0,0,1138,,,,
867,2020-11,0,58,"2,206","3,414",0,16,1,0,0,0,0,1138,,,,
868,2020-11,0,59,"2,118","3,269",0,17,1,0,0,0,0,1138,,,,
869,2020-11,0,60,"1,954","3,254",0,16,1,0,0,0,0,1138,,,,
870,2020-11,0,61,"1,773","3,009",0,17,1,0,0,0,0,1138,,,,
871,2020-11,0,62,"1,740","2,894",0,17,1,0,0,0,0,1138,,,,
872,2020-11,0,63,"1,632","2,673",0,18,1,0,0,0,0,1138,,,,
873,2020-11,0,64,"1,511","2,666",0,17,1,0,0,0,0,1138,,,,
874,2020-11,0,65,"1,378","2,450",0,18,1,0,0,0,0,1138,,,,
875,2020-11,0,66,"1,324","2,248",0,17,1,0,0,0,0,1138,,,,
876,2020-11,0,67,"1,272","2,128",0,16,1,0,0,0,0,1138,,,,
877,2020-11,0,68,"1,103","1,910",0,16,1,0,0,0,0,1138,,,,
878,2020-11,0,69,935,"1,579",0,16,1,0,0,0,0,1138,,,,
879,2020-11,0,70,862,"1,521",0,16,1,0,0,0,0,1138,,,,
880,2020-11,0,71,799,"1,508",1,16,1,0,0,0,0,1138,,,,
881,2020-11,0,72,759,"1,394",0,15,1,0,0,0,0,1138,,,,
882,2020-11,0,73,720,"1,285",0,14,1,0,0,0,0,1138,,,,
883,2020-11,0,74,628,"1,089",0,16,1,0,0,0,0,1138,,,,
884,2020-11,0,75,342,697,0,14,1,0,0,0,0,1138,,,,
885,2020-11,0,76,416,671,0,14,1,0,0,0,0,1138,,,,
886,2020-11,0,77,343,741,0,14,1,0,0,0,0,1138,,,,
887,2020-11,0,78,307,556,0,14,1,0,0,0,0,1138,,,,
888,2020-11,0,79,274,602,0,15,1,0,0,0,0,1138,,,,
889,2020-11,0,80,214,440,0,15,1,0,0,0,0,1138,,,,
890,2020-11,0,81,169,456,0,13,1,0,0,0,0,1138,,,,
891,2020-11,0,82,159,323,0,14,1,0,0,0,0,1138,,,,
892,2020-11,0,83,116,208,0,13,1,0,0,0,0,1138,,,,
893,2020-11,0,84,89,179,1,13,1,0,0,0,0,1138,,,,
894,2020-11,0,85,91,131,1,15,1,0,0,0,0,1138,,,,
895,2020-11,0,86,52,107,0,13,1,0,0,0,0,1138,,,,
896,2020-11,0,87,50,64,1,13,1,0,0,0,0,1138,,,,
897,2020-11,0,88,22,51,0,13,1,0,0,0,0,1138,,,,
898,2020-11,0,89,18,54,0,13,1,0,0,0,0,1138,,,,
899,2020-11,0,90,16,42,0,12,1,0,0,0,0,1138,,,,
900,2020-11,0,91,9,17,0,13,1,0,0,0,0,1138,,,,
901,2020-11,0,92,12,15,0,13,1,0,0,0,0,1138,,,,
902,2020-11,0,93,3,6,0,9,1,0,0,0,0,1138,,,,
903,2020-11,0,94,4,3,1,10,1,0,0,0,0,1138,,,,
904,2020-11,0,95,5,5,0,12,1,0,0,0,0,1138,,,,
905,2020-11,0,96,6,5,0,11,1,0,0,0,0,1138,,,,
906,2020-11,0,97,0,1,0,1,1,0,0,0,0,1138,,,,
907,2020-11,0,98,2,1,0,7,1,0,0,0,0,1138,,,,
908,2020-11,0,100,1,0,0,2,1,0,0,0,0,1138,,,,
909,2020-11,0,103,0,1,0,1,1,0,0,0,0,1138,,,,
910,2020-12,0,18,88,181,0,14,0,0,0,0,0,1526,,,,
911,2020-12,0,19,187,472,0,15,0,0,0,0,0,1526,,,,
912,2020-12,0,20,322,919,0,15,0,0,0,0,0,1526,,,,
913,2020-12,0,21,388,"1,333",0,14,0,0,0,0,0,1526,,,,
914,2020-12,0,22,543,"1,681",0,15,0,0,0,0,0,1526,,,,
915,2020-12,0,23,859,"2,545",0,16,0,0,0,0,0,1526,,,,
916,2020-12,0,24,"1,182","3,382",0,16,0,0,0,0,0,1526,,,,
917,2020-12,0,25,"1,432","3,987",0,18,0,0,0,0,0,1526,,,,
918,2020-12,0,26,"1,871","4,846",0,17,0,0,0,0,0,1526,,,,
919,2020-12,0,27,"2,068","5,400",0,17,0,0,0,0,0,1526,,,,
920,2020-12,0,28,"2,213","5,618",0,16,0,0,0,0,0,1526,,,,
921,2020-12,1,29,"2,333","6,065",0,18,0,0,0,0,0,1526,,,,
922,2020-12,1,30,"2,622","6,552",0,18,0,0,0,0,0,1526,,,,
923,2020-12,1,31,"2,394","5,866",0,17,0,0,0,0,0,1526,,,,
924,2020-12,1,32,"3,090","7,421",0,17,0,0,0,0,0,1526,,,,
925,2020-12,1,33,"2,699","6,411",0,17,0,0,0,0,0,1526,,,,
926,2020-12,1,34,"2,817","6,477",0,17,0,0,0,0,0,1526,,,,
927,2020-12,1,35,"3,317","6,988",0,17,0,0,0,0,0,1526,,,,
928,2020-12,1,36,"3,127","6,603",0,19,0,0,0,0,0,1526,,,,
929,2020-12,1,37,"3,209","6,089",0,19,0,0,0,0,0,1526,,,,
930,2020-12,1,38,"3,177","6,325",0,18,0,0,0,0,0,1526,,,,
931,2020-12,1,39,"3,264","6,053",0,17,0,0,0,0,0,1526,,,,
932,2020-12,1,40,"3,077","5,799",0,17,0,0,0,0,0,1526,,,,
933,2020-12,1,41,"3,050","5,583",0,17,0,0,0,0,0,1526,,,,
934,2020-12,1,42,"3,157","5,292",0,17,0,0,0,0,0,1526,,,,
935,2020-12,1,43,"3,002","5,055",0,17,0,0,0,0,0,1526,,,,
936,2020-12,1,44,"3,389","5,534",0,17,0,0,0,0,0,1526,,,,
937,2020-12,1,45,"3,124","4,995",0,18,0,0,0,0,0,1526,,,,
938,2020-12,1,46,"3,055","4,940",0,17,0,0,0,0,0,1526,,,,
939,2020-12,1,47,"3,004","4,989",0,17,0,0,0,0,0,1526,,,,
940,2020-12,1,48,"3,100","4,781",0,18,0,0,0,0,0,1526,,,,
941,2020-12,1,49,"3,090","4,805",0,18,0,0,0,0,0,1526,,,,
942,2020-12,1,50,"2,860","4,658",0,17,0,0,0,0,0,1526,,,,
943,2020-12,1,51,"2,694","4,148",0,18,0,0,0,0,0,1526,,,,
944,2020-12,1,52,"2,562","4,003",0,17,0,0,0,0,0,1526,,,,
945,2020-12,0,53,"2,524","3,888",0,18,0,0,0,0,0,1526,,,,
946,2020-12,0,54,"2,418","3,859",0,18,0,0,0,0,0,1526,,,,
947,2020-12,1,55,"2,514","4,085",0,16,0,0,0,0,0,1526,,,,
948,2020-12,1,56,"2,585","3,971",0,17,0,0,0,0,0,1526,,,,
949,2020-12,0,57,"2,302","3,949",0,16,0,0,0,0,0,1526,,,,
950,2020-12,0,58,"2,427","3,714",0,17,0,0,0,0,0,1526,,,,
951,2020-12,0,59,"2,268","3,514",0,17,0,0,0,0,0,1526,,,,
952,2020-12,0,60,"2,142","3,534",0,17,0,0,0,0,0,1526,,,,
953,2020-12,0,61,"1,940","3,263",0,17,0,0,0,0,0,1526,,,,
954,2020-12,0,62,"1,901","3,104",0,17,0,0,0,0,0,1526,,,,
955,2020-12,0,63,"1,815","2,948",0,17,0,0,0,0,0,1526,,,,
956,2020-12,0,64,"1,687","2,918",0,17,0,0,0,0,0,1526,,,,
957,2020-12,0,65,"1,556","2,659",0,17,0,0,0,0,0,1526,,,,
958,2020-12,0,66,"1,416","2,447",0,15,0,0,0,0,0,1526,,,,
959,2020-12,0,67,"1,395","2,347",0,14,0,0,0,0,0,1526,,,,
960,2020-12,0,68,"1,225","2,104",0,18,0,0,0,0,0,1526,,,,
961,2020-12,0,69,"1,030","1,792",0,16,0,0,0,0,0,1526,,,,
962,2020-12,0,70,995,"1,747",0,16,0,0,0,0,0,1526,,,,
963,2020-12,0,71,946,"1,661",0,16,0,0,0,0,0,1526,,,,
964,2020-12,0,72,878,"1,517",0,15,0,0,0,0,0,1526,,,,
965,2020-12,0,73,806,"1,431",0,14,0,0,0,0,0,1526,,,,
966,2020-12,0,74,736,"1,221",0,15,0,0,0,0,0,1526,,,,
967,2020-12,0,75,405,785,0,14,0,0,0,0,0,1526,,,,
968,2020-12,0,76,495,775,0,14,0,0,0,0,0,1526,,,,
969,2020-12,0,77,411,874,0,15,0,0,0,0,0,1526,,,,
970,2020-12,0,78,369,623,0,14,0,0,0,0,0,1526,,,,
971,2020-12,0,79,303,668,0,15,0,0,0,0,0,1526,,,,
972,2020-12,0,80,278,539,0,13,0,0,0,0,0,1526,,,,
973,2020-12,0,81,208,526,0,14,0,0,0,0,0,1526,,,,
974,2020-12,0,82,173,370,0,14,0,0,0,0,0,1526,,,,
975,2020-12,0,83,128,230,0,13,0,0,0,0,0,1526,,,,
976,2020-12,0,84,114,198,0,13,0,0,0,0,0,1526,,,,
977,2020-12,0,85,98,153,0,14,0,0,0,0,0,1526,,,,
978,2020-12,0,86,61,103,0,13,0,0,0,0,0,1526,,,,
979,2020-12,0,87,55,77,0,13,0,0,0,0,0,1526,,,,
980,2020-12,0,88,33,47,0,12,0,0,0,0,0,1526,,,,
981,2020-12,0,89,24,52,0,12,0,0,0,0,0,1526,,,,
982,2020-12,0,90,19,44,0,12,0,0,0,0,0,1526,,,,
983,2020-12,0,91,6,26,0,13,0,0,0,0,0,1526,,,,
984,2020-12,0,92,12,19,0,13,0,0,0,0,0,1526,,,,
985,2020-12,0,93,4,6,0,9,0,0,0,0,0,1526,,,,
986,2020-12,0,94,7,1,0,11,0,0,0,0,0,1526,,,,
987,2020-12,0,95,6,6,0,11,0,0,0,0,0,1526,,,,
988,2020-12,0,96,5,5,0,9,0,0,0,0,0,1526,,,,
989,2020-12,0,97,0,5,0,4,0,0,0,0,0,1526,,,,
990,2020-12,0,98,2,2,0,6,0,0,0,0,0,1526,,,,
991,2020-12,0,99,1,0,0,1,0,0,0,0,0,1526,,,,
992,2020-12,0,100,2,0,0,2,0,0,0,0,0,1526,,,,
993,2020-12,0,103,0,1,0,1,0,0,0,0,0,1526,,,,
994,2021-01,0,18,0,2,0,3,0,1,0,1,0,3289,,,,
995,2021-01,0,19,86,210,0,15,0,1,0,1,0,3289,,,,
996,2021-01,0,20,186,484,0,15,0,1,0,1,0,3289,,,,
997,2021-01,0,21,338,933,0,16,0,1,0,1,0,3289,,,,
998,2021-01,0,22,391,"1,361",0,15,0,1,0,1,0,3289,,,,
999,2021-01,0,23,537,"1,693",0,17,0,1,0,1,0,3289,,,,
"1,000",2021-01,0,24,857,"2,592",0,16,0,1,0,1,0,3289,,,,
"1,001",2021-01,0,25,"1,172","3,370",0,17,0,1,0,1,0,3289,,,,
"1,002",2021-01,0,26,"1,499","3,942",0,16,0,1,0,1,0,3289,,,,
"1,003",2021-01,0,27,"1,869","4,742",0,16,0,1,0,1,0,3289,,,,
"1,004",2021-01,0,28,"2,028","5,312",0,16,0,1,0,1,0,3289,,,,
"1,005",2021-01,0,29,"2,160","5,507",0,17,0,1,0,1,0,3289,,,,
"1,006",2021-01,1,30,"2,310","5,736",0,17,0,1,0,1,0,3289,,,,
"1,007",2021-01,1,31,"2,533","6,264",0,17,0,1,0,1,0,3289,,,,
"1,008",2021-01,1,32,"2,251","5,665",0,18,0,1,0,1,0,3289,,,,
"1,009",2021-01,1,33,"2,964","7,062",0,17,0,1,0,1,0,3289,,,,
"1,010",2021-01,1,34,"2,573","6,120",0,18,0,1,0,1,0,3289,,,,
"1,011",2021-01,1,35,"2,650","6,088",0,17,0,1,0,1,0,3289,,,,
"1,012",2021-01,1,36,"3,125","6,562",0,17,0,1,0,1,0,3289,,,,
"1,013",2021-01,1,37,"2,968","6,142",0,18,0,1,0,1,0,3289,,,,
"1,014",2021-01,1,38,"3,031","5,765",0,17,0,1,0,1,0,3289,,,,
"1,015",2021-01,1,39,"2,887","5,910",0,17,0,1,0,1,0,3289,,,,
"1,016",2021-01,1,40,"3,025","5,736",0,18,0,1,0,1,0,3289,,,,
"1,017",2021-01,1,41,"2,885","5,370",0,17,0,1,0,1,0,3289,,,,
"1,018",2021-01,1,42,"2,925","5,236",0,18,0,1,0,1,0,3289,,,,
"1,019",2021-01,1,43,"2,964","5,018",0,17,0,1,0,1,0,3289,,,,
"1,020",2021-01,1,44,"2,795","4,756",0,17,0,1,0,1,0,3289,,,,
"1,021",2021-01,1,45,"3,147","5,109",0,18,0,1,0,1,0,3289,,,,
"1,022",2021-01,1,46,"2,847","4,736",0,17,0,1,0,1,0,3289,,,,
"1,023",2021-01,1,47,"2,820","4,545",0,18,0,1,0,1,0,3289,,,,
"1,024",2021-01,1,48,"2,823","4,663",0,18,0,1,0,1,0,3289,,,,
"1,025",2021-01,1,49,"2,924","4,413",0,17,0,1,0,1,0,3289,,,,
"1,026",2021-01,1,50,"2,894","4,414",0,18,0,1,0,1,0,3289,,,,
"1,027",2021-01,1,51,"2,650","4,332",0,17,0,1,0,1,0,3289,,,,
"1,028",2021-01,1,52,"2,520","3,838",0,18,0,1,0,1,0,3289,,,,
"1,029",2021-01,0,53,"2,366","3,689",0,17,0,1,0,1,0,3289,,,,
"1,030",2021-01,0,54,"2,344","3,533",0,18,0,1,0,1,0,3289,,,,
"1,031",2021-01,0,55,"2,245","3,494",0,18,0,1,0,1,0,3289,,,,
"1,032",2021-01,1,56,"2,358","3,765",0,15,0,1,0,1,0,3289,,,,
"1,033",2021-01,1,57,"2,343","3,656",0,17,0,1,0,1,0,3289,,,,
"1,034",2021-01,0,58,"2,155","3,564",0,16,0,1,0,1,0,3289,,,,
"1,035",2021-01,0,59,"2,170","3,362",0,17,0,1,0,1,0,3289,,,,
"1,036",2021-01,0,60,"2,107","3,181",0,17,0,1,0,1,0,3289,,,,
"1,037",2021-01,0,61,"1,929","3,142",0,16,0,1,0,1,0,3289,,,,
"1,038",2021-01,0,62,"1,770","2,949",0,16,0,1,0,1,0,3289,,,,
"1,039",2021-01,0,63,"1,722","2,806",0,16,0,1,0,1,0,3289,,,,
"1,040",2021-01,0,64,"1,628","2,666",0,17,0,1,0,1,0,3289,,,,
"1,041",2021-01,0,65,"1,539","2,581",0,17,0,1,0,1,0,3289,,,,
"1,042",2021-01,0,66,"1,421","2,454",0,16,0,1,0,1,0,3289,,,,
"1,043",2021-01,0,67,"1,293","2,211",0,15,0,1,0,1,0,3289,,,,
"1,044",2021-01,0,68,"1,273","2,086",0,16,0,1,0,1,0,3289,,,,
"1,045",2021-01,0,69,"1,102","1,928",0,16,0,1,0,1,0,3289,,,,
"1,046",2021-01,0,70,961,"1,590",0,16,0,1,0,1,0,3289,,,,
"1,047",2021-01,0,71,916,"1,532",0,15,0,1,0,1,0,3289,,,,
"1,048",2021-01,0,72,829,"1,505",0,17,0,1,0,1,0,3289,,,,
"1,049",2021-01,0,73,787,"1,394",0,15,0,1,0,1,0,3289,,,,
"1,050",2021-01,0,74,706,"1,254",0,15,0,1,0,1,0,3289,,,,
"1,051",2021-01,0,75,656,"1,047",0,17,0,1,0,1,0,3289,,,,
"1,052",2021-01,0,76,375,741,0,14,0,1,0,1,0,3289,,,,
"1,053",2021-01,0,77,465,708,0,14,0,1,0,1,0,3289,,,,
"1,054",2021-01,0,78,358,762,0,15,0,1,0,1,0,3289,,,,
"1,055",2021-01,0,79,330,536,0,15,0,1,0,1,0,3289,,,,
"1,056",2021-01,0,80,295,604,0,14,0,1,0,1,0,3289,,,,
"1,057",2021-01,0,81,224,453,0,13,0,1,0,1,0,3289,,,,
"1,058",2021-01,0,82,190,491,0,15,0,1,0,1,0,3289,,,,
"1,059",2021-01,0,83,152,339,0,15,0,1,0,1,0,3289,,,,
"1,060",2021-01,0,84,119,198,0,14,0,1,0,1,0,3289,,,,
"1,061",2021-01,0,85,109,190,0,13,0,1,0,1,0,3289,,,,
"1,062",2021-01,0,86,86,125,0,14,0,1,0,1,0,3289,,,,
"1,063",2021-01,0,87,59,110,0,14,0,1,0,1,0,3289,,,,
"1,064",2021-01,0,88,48,73,0,14,0,1,0,1,0,3289,,,,
"1,065",2021-01,0,89,21,57,0,13,0,1,0,1,0,3289,,,,
"1,066",2021-01,0,90,26,39,0,13,0,1,0,1,0,3289,,,,
"1,067",2021-01,0,91,22,39,0,13,0,1,0,1,0,3289,,,,
"1,068",2021-01,0,92,12,26,0,12,0,1,0,1,0,3289,,,,
"1,069",2021-01,0,93,10,17,0,12,0,1,0,1,0,3289,,,,
"1,070",2021-01,0,94,6,4,0,7,0,1,0,1,0,3289,,,,
"1,071",2021-01,0,95,7,0,0,10,0,1,0,1,0,3289,,,,
"1,072",2021-01,0,96,7,2,0,9,0,1,0,1,0,3289,,,,
"1,073",2021-01,0,97,4,4,0,5,0,1,0,1,0,3289,,,,
"1,074",2021-01,0,98,0,2,1,2,0,1,0,1,0,3289,,,,
"1,075",2021-01,0,99,1,1,0,5,0,1,0,1,0,3289,,,,
"1,076",2021-01,0,100,0,1,0,1,0,1,0,1,0,3289,,,,
"1,077",2021-01,0,101,1,0,0,1,0,1,0,1,0,3289,,,,
"1,078",2021-02,0,18,0,6,0,9,0,1,0,1,0,3064,,,,
"1,079",2021-02,0,19,101,265,1,16,0,1,0,1,0,3064,,,,
"1,080",2021-02,0,20,208,561,0,14,0,1,0,1,0,3064,,,,
"1,081",2021-02,0,21,362,"1,070",0,14,0,1,0,1,0,3064,,,,
"1,082",2021-02,0,22,464,"1,505",0,15,0,1,0,1,0,3064,,,,
"1,083",2021-02,0,23,608,"1,918",0,17,0,1,0,1,0,3064,,,,
"1,084",2021-02,0,24,998,"2,837",0,16,0,1,0,1,0,3064,,,,
"1,085",2021-02,0,25,"1,319","3,767",0,18,0,1,0,1,0,3064,,,,
"1,086",2021-02,0,26,"1,610","4,322",0,16,0,1,0,1,0,3064,,,,
"1,087",2021-02,0,27,"2,001","5,152",0,17,0,1,0,1,0,3064,,,,
"1,088",2021-02,0,28,"2,167","5,690",0,16,0,1,0,1,0,3064,,,,
"1,089",2021-02,0,29,"2,340","5,953",0,19,0,1,0,1,0,3064,,,,
"1,090",2021-02,1,30,"2,448","6,343",0,18,0,1,0,1,0,3064,,,,
"1,091",2021-02,1,31,"2,689","6,735",1,17,0,1,0,1,0,3064,,,,
"1,092",2021-02,1,32,"2,419","6,129",1,18,0,1,0,1,0,3064,,,,
"1,093",2021-02,1,33,"3,183","7,616",0,18,0,1,0,1,0,3064,,,,
"1,094",2021-02,1,34,"2,731","6,549",0,17,0,1,0,1,0,3064,,,,
"1,095",2021-02,1,35,"2,786","6,509",0,17,0,1,0,1,0,3064,,,,
"1,096",2021-02,1,36,"3,268","6,998",0,17,0,1,0,1,0,3064,,,,
"1,097",2021-02,1,37,"3,132","6,704",0,17,0,1,0,1,0,3064,,,,
"1,098",2021-02,1,38,"3,182","6,183",0,16,0,1,0,1,0,3064,,,,
"1,099",2021-02,1,39,"3,083","6,308",0,18,0,1,0,1,0,3064,,,,
"1,100",2021-02,1,40,"3,195","6,158",0,18,0,1,0,1,0,3064,,,,
"1,101",2021-02,1,41,"3,067","5,831",0,18,0,1,0,1,0,3064,,,,
"1,102",2021-02,1,42,"3,062","5,537",0,17,0,1,0,1,0,3064,,,,
"1,103",2021-02,1,43,"3,046","5,351",0,17,0,1,0,1,0,3064,,,,
"1,104",2021-02,1,44,"2,927","5,112",0,19,0,1,0,1,0,3064,,,,
"1,105",2021-02,1,45,"3,319","5,413",0,18,0,1,0,1,0,3064,,,,
"1,106",2021-02,1,46,"3,071","4,987",0,17,0,1,0,1,0,3064,,,,
"1,107",2021-02,1,47,"3,032","4,914",0,16,0,1,0,1,0,3064,,,,
"1,108",2021-02,1,48,"3,034","4,841",0,18,0,1,0,1,0,3064,,,,
"1,109",2021-02,1,49,"3,035","4,728",0,17,0,1,0,1,0,3064,,,,
"1,110",2021-02,1,50,"3,066","4,745",0,17,0,1,0,1,0,3064,,,,
"1,111",2021-02,1,51,"2,755","4,624",0,18,0,1,0,1,0,3064,,,,
"1,112",2021-02,1,52,"2,643","4,082",0,18,0,1,0,1,0,3064,,,,
"1,113",2021-02,0,53,"2,519","3,939",0,17,0,1,0,1,0,3064,,,,
"1,114",2021-02,0,54,"2,496","3,745",0,17,0,1,0,1,0,3064,,,,
"1,115",2021-02,0,55,"2,389","3,818",0,19,0,1,0,1,0,3064,,,,
"1,116",2021-02,1,56,"2,471","4,012",0,18,0,1,0,1,0,3064,,,,
"1,117",2021-02,1,57,"2,505","3,806",0,17,0,1,0,1,0,3064,,,,
"1,118",2021-02,0,58,"2,301","3,797",0,16,0,1,0,1,0,3064,,,,
"1,119",2021-02,0,59,"2,320","3,548",0,17,0,1,0,1,0,3064,,,,
"1,120",2021-02,0,60,"2,245","3,439",0,18,0,1,0,1,0,3064,,,,
"1,121",2021-02,0,61,"2,066","3,375",0,17,0,1,0,1,0,3064,,,,
"1,122",2021-02,0,62,"1,860","3,124",0,18,0,1,0,1,0,3064,,,,
"1,123",2021-02,0,63,"1,839","3,005",0,16,0,1,0,1,0,3064,,,,
"1,124",2021-02,0,64,"1,758","2,918",0,18,0,1,0,1,0,3064,,,,
"1,125",2021-02,0,65,"1,624","2,764",0,18,0,1,0,1,0,3064,,,,
"1,126",2021-02,0,66,"1,498","2,605",0,17,0,1,0,1,0,3064,,,,
"1,127",2021-02,0,67,"1,400","2,339",0,16,0,1,0,1,0,3064,,,,
"1,128",2021-02,0,68,"1,371","2,197",0,16,0,1,0,1,0,3064,,,,
"1,129",2021-02,0,69,"1,199","2,023",0,16,0,1,0,1,0,3064,,,,
"1,130",2021-02,0,70,"1,002","1,752",0,15,0,1,0,1,0,3064,,,,
"1,131",2021-02,0,71,935,"1,651",0,16,0,1,0,1,0,3064,,,,
"1,132",2021-02,0,72,907,"1,602",0,15,0,1,0,1,0,3064,,,,
"1,133",2021-02,0,73,829,"1,448",0,16,0,1,0,1,0,3064,,,,
"1,134",2021-02,0,74,770,"1,333",0,15,0,1,0,1,0,3064,,,,
"1,135",2021-02,0,75,714,"1,152",0,14,0,1,0,1,0,3064,,,,
"1,136",2021-02,0,76,405,752,0,16,0,1,0,1,0,3064,,,,
"1,137",2021-02,0,77,486,725,0,14,0,1,0,1,0,3064,,,,
"1,138",2021-02,0,78,392,790,0,15,0,1,0,1,0,3064,,,,
"1,139",2021-02,0,79,332,604,0,14,0,1,0,1,0,3064,,,,
"1,140",2021-02,0,80,305,593,0,14,0,1,0,1,0,3064,,,,
"1,141",2021-02,0,81,250,462,0,13,0,1,0,1,0,3064,,,,
"1,142",2021-02,0,82,203,505,0,14,0,1,0,1,0,3064,,,,
"1,143",2021-02,0,83,164,331,0,14,0,1,0,1,0,3064,,,,
"1,144",2021-02,0,84,112,211,0,13,0,1,0,1,0,3064,,,,
"1,145",2021-02,0,85,93,188,0,13,0,1,0,1,0,3064,,,,
"1,146",2021-02,0,86,81,138,0,14,0,1,0,1,0,3064,,,,
"1,147",2021-02,0,87,64,109,0,13,0,1,0,1,0,3064,,,,
"1,148",2021-02,0,88,49,65,0,14,0,1,0,1,0,3064,,,,
"1,149",2021-02,0,89,25,48,0,12,0,1,0,1,0,3064,,,,
"1,150",2021-02,0,90,25,43,0,13,0,1,0,1,0,3064,,,,
"1,151",2021-02,0,91,17,40,0,12,0,1,0,1,0,3064,,,,
"1,152",2021-02,0,92,9,27,0,13,0,1,0,1,0,3064,,,,
"1,153",2021-02,0,93,9,10,0,12,0,1,0,1,0,3064,,,,
"1,154",2021-02,0,94,5,5,0,7,0,1,0,1,0,3064,,,,
"1,155",2021-02,0,95,6,2,0,9,0,1,0,1,0,3064,,,,
"1,156",2021-02,0,96,7,4,0,6,0,1,0,1,0,3064,,,,
"1,157",2021-02,0,97,6,6,0,7,0,1,0,1,0,3064,,,,
"1,158",2021-02,0,98,0,2,0,2,0,1,0,1,0,3064,,,,
"1,159",2021-02,0,99,0,1,0,5,0,1,0,1,0,3064,,,,
"1,160",2021-02,0,104,0,1,0,3,0,1,0,1,0,3064,,,,
"1,161",2021-03,0,18,3,12,0,12,1,0,0,0,0,1443,,,,
"1,162",2021-03,0,19,129,321,0,14,1,0,0,0,0,1443,,,,
"1,163",2021-03,0,20,241,649,0,16,1,0,0,0,0,1443,,,,
"1,164",2021-03,0,21,435,"1,245",1,15,1,0,0,0,0,1443,,,,
"1,165",2021-03,0,22,540,"1,770",0,16,1,0,0,0,0,1443,,,,
"1,166",2021-03,0,23,708,"2,138",0,15,1,0,0,0,0,1443,,,,
"1,167",2021-03,0,24,"1,067","3,217",0,16,1,0,0,0,0,1443,,,,
"1,168",2021-03,0,25,"1,491","4,109",0,19,1,0,0,0,0,1443,,,,
"1,169",2021-03,0,26,"1,778","4,840",0,16,1,0,0,0,0,1443,,,,
"1,170",2021-03,0,27,"2,211","5,707",0,16,1,0,0,0,0,1443,,,,
"1,171",2021-03,0,28,"2,388","6,264",0,17,1,0,0,0,0,1443,,,,
"1,172",2021-03,1,29,"2,544","6,429",0,17,1,0,0,0,0,1443,,,,
"1,173",2021-03,1,30,"2,656","6,874",0,16,1,0,0,0,0,1443,,,,
"1,174",2021-03,1,31,"2,940","7,280",0,17,1,0,0,0,0,1443,,,,
"1,175",2021-03,1,32,"2,662","6,529",1,17,1,0,0,0,0,1443,,,,
"1,176",2021-03,1,33,"3,392","8,117",0,16,1,0,0,0,0,1443,,,,
"1,177",2021-03,1,34,"2,974","7,002",0,16,1,0,0,0,0,1443,,,,
"1,178",2021-03,1,35,"3,041","7,130",0,17,1,0,0,0,0,1443,,,,
"1,179",2021-03,1,36,"3,522","7,507",0,18,1,0,0,0,0,1443,,,,
"1,180",2021-03,1,37,"3,443","7,205",0,17,1,0,0,0,0,1443,,,,
"1,181",2021-03,1,38,"3,399","6,611",0,17,1,0,0,0,0,1443,,,,
"1,182",2021-03,1,39,"3,380","6,769",0,18,1,0,0,0,0,1443,,,,
"1,183",2021-03,1,40,"3,425","6,581",0,17,1,0,0,0,0,1443,,,,
"1,184",2021-03,1,41,"3,359","6,311",0,18,1,0,0,0,0,1443,,,,
"1,185",2021-03,1,42,"3,284","6,044",0,17,1,0,0,0,0,1443,,,,
"1,186",2021-03,1,43,"3,336","5,745",0,17,1,0,0,0,0,1443,,,,
"1,187",2021-03,1,44,"3,187","5,486",0,19,1,0,0,0,0,1443,,,,
"1,188",2021-03,1,45,"3,573","5,791",0,17,1,0,0,0,0,1443,,,,
"1,189",2021-03,1,46,"3,317","5,316",0,17,1,0,0,0,0,1443,,,,
"1,190",2021-03,1,47,"3,258","5,211",0,17,1,0,0,0,0,1443,,,,
"1,191",2021-03,1,48,"3,242","5,197",0,18,1,0,0,0,0,1443,,,,
"1,192",2021-03,1,49,"3,279","4,988",0,17,1,0,0,0,0,1443,,,,
"1,193",2021-03,1,50,"3,249","5,122",0,17,1,0,0,0,0,1443,,,,
"1,194",2021-03,1,51,"2,978","4,901",0,17,1,0,0,0,0,1443,,,,
"1,195",2021-03,1,52,"2,834","4,358",0,19,1,0,0,0,0,1443,,,,
"1,196",2021-03,0,53,"2,672","4,195",0,18,1,0,0,0,0,1443,,,,
"1,197",2021-03,0,54,"2,677","3,968",0,18,1,0,0,0,0,1443,,,,
"1,198",2021-03,0,55,"2,529","4,023",0,19,1,0,0,0,0,1443,,,,
"1,199",2021-03,1,56,"2,560","4,220",0,18,1,0,0,0,0,1443,,,,
"1,200",2021-03,1,57,"2,590","4,135",0,18,1,0,0,0,0,1443,,,,
"1,201",2021-03,0,58,"2,427","4,026",0,16,1,0,0,0,0,1443,,,,
"1,202",2021-03,0,59,"2,374","3,744",0,17,1,0,0,0,0,1443,,,,
"1,203",2021-03,0,60,"2,343","3,611",0,16,1,0,0,0,0,1443,,,,
"1,204",2021-03,0,61,"2,201","3,519",0,17,1,0,0,0,0,1443,,,,
"1,205",2021-03,0,62,"1,931","3,267",0,17,1,0,0,0,0,1443,,,,
"1,206",2021-03,0,63,"1,901","3,078",0,18,1,0,0,0,0,1443,,,,
"1,207",2021-03,0,64,"1,789","2,948",0,16,1,0,0,0,0,1443,,,,
"1,208",2021-03,0,65,"1,670","2,856",0,16,1,0,0,0,0,1443,,,,
"1,209",2021-03,0,66,"1,495","2,725",0,17,1,0,0,0,0,1443,,,,
"1,210",2021-03,0,67,"1,374","2,423",0,15,1,0,0,0,0,1443,,,,
"1,211",2021-03,0,68,"1,405","2,285",0,17,1,0,0,0,0,1443,,,,
"1,212",2021-03,0,69,"1,170","2,092",0,17,1,0,0,0,0,1443,,,,
"1,213",2021-03,0,70,"1,020","1,806",0,15,1,0,0,0,0,1443,,,,
"1,214",2021-03,0,71,932,"1,724",0,16,1,0,0,0,0,1443,,,,
"1,215",2021-03,0,72,909,"1,681",0,15,1,0,0,0,0,1443,,,,
"1,216",2021-03,0,73,865,"1,532",0,14,1,0,0,0,0,1443,,,,
"1,217",2021-03,0,74,775,"1,420",0,15,1,0,0,0,0,1443,,,,
"1,218",2021-03,0,75,695,"1,198",0,16,1,0,0,0,0,1443,,,,
"1,219",2021-03,0,76,380,786,0,14,1,0,0,0,0,1443,,,,
"1,220",2021-03,0,77,468,788,0,14,1,0,0,0,0,1443,,,,
"1,221",2021-03,0,78,390,857,0,15,1,0,0,0,0,1443,,,,
"1,222",2021-03,0,79,343,613,0,15,1,0,0,0,0,1443,,,,
"1,223",2021-03,0,80,307,646,0,15,1,0,0,0,0,1443,,,,
"1,224",2021-03,0,81,244,489,0,13,1,0,0,0,0,1443,,,,
"1,225",2021-03,0,82,196,513,0,14,1,0,0,0,0,1443,,,,
"1,226",2021-03,0,83,151,352,0,13,1,0,0,0,0,1443,,,,
"1,227",2021-03,0,84,116,223,0,13,1,0,0,0,0,1443,,,,
"1,228",2021-03,0,85,97,185,0,13,1,0,0,0,0,1443,,,,
"1,229",2021-03,0,86,90,123,1,14,1,0,0,0,0,1443,,,,
"1,230",2021-03,0,87,56,94,0,13,1,0,0,0,0,1443,,,,
"1,231",2021-03,0,88,44,66,0,13,1,0,0,0,0,1443,,,,
"1,232",2021-03,0,89,20,49,0,13,1,0,0,0,0,1443,,,,
"1,233",2021-03,0,90,21,50,0,14,1,0,0,0,0,1443,,,,
"1,234",2021-03,0,91,17,38,0,13,1,0,0,0,0,1443,,,,
"1,235",2021-03,0,92,12,22,0,12,1,0,0,0,0,1443,,,,
"1,236",2021-03,0,93,8,13,0,13,1,0,0,0,0,1443,,,,
"1,237",2021-03,0,94,6,3,0,9,1,0,0,0,0,1443,,,,
"1,238",2021-03,0,95,5,1,0,7,1,0,0,0,0,1443,,,,
"1,239",2021-03,0,96,3,3,0,10,1,0,0,0,0,1443,,,,
"1,240",2021-03,0,97,5,6,0,8,1,0,0,0,0,1443,,,,
"1,241",2021-03,0,98,1,1,0,2,1,0,0,0,0,1443,,,,
"1,242",2021-03,0,99,0,2,0,7,1,0,0,0,0,1443,,,,
"1,243",2021-03,0,101,1,0,0,3,1,0,0,0,0,1443,,,,
"1,244",2021-03,0,104,0,1,0,1,1,0,0,0,0,1443,,,,
"1,245",2021-04,0,18,10,20,0,10,0,0,0,0,0,2107,,,,
"1,246",2021-04,0,19,120,325,0,14,0,0,0,0,0,2107,,,,
"1,247",2021-04,0,20,215,623,0,15,0,0,0,0,0,2107,,,,
"1,248",2021-04,0,21,386,"1,168",1,15,0,0,0,0,0,2107,,,,
"1,249",2021-04,0,22,490,"1,641",0,16,0,0,0,0,0,2107,,,,
"1,250",2021-04,0,23,668,"1,980",0,14,0,0,0,0,0,2107,,,,
"1,251",2021-04,0,24,998,"2,917",0,16,0,0,0,0,0,2107,,,,
"1,252",2021-04,0,25,"1,343","3,713",0,17,0,0,0,0,0,2107,,,,
"1,253",2021-04,0,26,"1,563","4,271",0,16,0,0,0,0,0,2107,,,,
"1,254",2021-04,0,27,"1,966","5,085",0,17,0,0,0,0,0,2107,,,,
"1,255",2021-04,0,28,"2,108","5,503",0,17,0,0,0,0,0,2107,,,,
"1,256",2021-04,0,29,"2,253","5,801",0,17,0,0,0,0,0,2107,,,,
"1,257",2021-04,1,30,"2,320","6,119",0,17,0,0,0,0,0,2107,,,,
"1,258",2021-04,1,31,"2,609","6,399",0,17,0,0,0,0,0,2107,,,,
"1,259",2021-04,1,32,"2,356","5,744",0,17,0,0,0,0,0,2107,,,,
"1,260",2021-04,1,33,"3,106","7,285",0,18,0,0,0,0,0,2107,,,,
"1,261",2021-04,1,34,"2,677","6,250",0,17,0,0,0,0,0,2107,,,,
"1,262",2021-04,1,35,"2,681","6,250",0,17,0,0,0,0,0,2107,,,,
"1,263",2021-04,1,36,"3,126","6,631",0,18,0,0,0,0,0,2107,,,,
"1,264",2021-04,1,37,"2,971","6,374",0,18,0,0,0,0,0,2107,,,,
"1,265",2021-04,1,38,"3,070","5,974",0,17,0,0,0,0,0,2107,,,,
"1,266",2021-04,1,39,"2,998","6,078",0,17,0,0,0,0,0,2107,,,,
"1,267",2021-04,1,40,"3,084","5,941",0,19,0,0,0,0,0,2107,,,,
"1,268",2021-04,1,41,"3,000","5,637",0,16,0,0,0,0,0,2107,,,,
"1,269",2021-04,1,42,"2,954","5,380",0,16,0,0,0,0,0,2107,,,,
"1,270",2021-04,1,43,"2,955","5,131",0,16,0,0,0,0,0,2107,,,,
"1,271",2021-04,1,44,"2,895","4,860",0,17,0,0,0,0,0,2107,,,,
"1,272",2021-04,1,45,"3,158","5,272",0,17,0,0,0,0,0,2107,,,,
"1,273",2021-04,1,46,"2,962","4,782",0,17,0,0,0,0,0,2107,,,,
"1,274",2021-04,1,47,"2,861","4,663",0,17,0,0,0,0,0,2107,,,,
"1,275",2021-04,1,48,"2,892","4,548",0,18,0,0,0,0,0,2107,,,,
"1,276",2021-04,1,49,"2,908","4,477",0,18,0,0,0,0,0,2107,,,,
"1,277",2021-04,1,50,"2,896","4,519",0,17,0,0,0,0,0,2107,,,,
"1,278",2021-04,1,51,"2,553","4,394",0,17,0,0,0,0,0,2107,,,,
"1,279",2021-04,1,52,"2,471","3,935",0,18,0,0,0,0,0,2107,,,,
"1,280",2021-04,1,53,"2,320","3,772",0,15,0,0,0,0,0,2107,,,,
"1,281",2021-04,0,54,"2,312","3,521",0,17,0,0,0,0,0,2107,,,,
"1,282",2021-04,1,55,"2,250","3,711",0,18,0,0,0,0,0,2107,,,,
"1,283",2021-04,1,56,"2,257","3,772",0,15,0,0,0,0,0,2107,,,,
"1,284",2021-04,1,57,"2,261","3,584",0,17,0,0,0,0,0,2107,,,,
"1,285",2021-04,0,58,"2,033","3,559",0,16,0,0,0,0,0,2107,,,,
"1,286",2021-04,0,59,"2,114","3,268",0,16,0,0,0,0,0,2107,,,,
"1,287",2021-04,0,60,"1,955","3,154",0,17,0,0,0,0,0,2107,,,,
"1,288",2021-04,0,61,"1,883","3,066",0,16,0,0,0,0,0,2107,,,,
"1,289",2021-04,0,62,"1,695","2,848",0,17,0,0,0,0,0,2107,,,,
"1,290",2021-04,0,63,"1,594","2,699",0,17,0,0,0,0,0,2107,,,,
"1,291",2021-04,0,64,"1,482","2,509",0,16,0,0,0,0,0,2107,,,,
"1,292",2021-04,0,65,"1,441","2,513",0,16,0,0,0,0,0,2107,,,,
"1,293",2021-04,0,66,"1,265","2,339",0,16,0,0,0,0,0,2107,,,,
"1,294",2021-04,0,67,"1,196","2,105",0,16,0,0,0,0,0,2107,,,,
"1,295",2021-04,0,68,"1,156","1,994",0,15,0,0,0,0,0,2107,,,,
"1,296",2021-04,0,69,"1,034","1,828",0,17,0,0,0,0,0,2107,,,,
"1,297",2021-04,0,70,836,"1,525",0,14,0,0,0,0,0,2107,,,,
"1,298",2021-04,0,71,803,"1,470",0,15,0,0,0,0,0,2107,,,,
"1,299",2021-04,0,72,747,"1,443",0,16,0,0,0,0,0,2107,,,,
"1,300",2021-04,0,73,735,"1,272",0,14,0,0,0,0,0,2107,,,,
"1,301",2021-04,0,74,625,"1,195",0,15,0,0,0,0,0,2107,,,,
"1,302",2021-04,0,75,564,991,0,14,0,0,0,0,0,2107,,,,
"1,303",2021-04,0,76,314,623,0,14,0,0,0,0,0,2107,,,,
"1,304",2021-04,0,77,370,641,0,15,0,0,0,0,0,2107,,,,
"1,305",2021-04,0,78,337,694,0,15,0,0,0,0,0,2107,,,,
"1,306",2021-04,0,79,290,536,0,14,0,0,0,0,0,2107,,,,
"1,307",2021-04,0,80,259,525,0,16,0,0,0,0,0,2107,,,,
"1,308",2021-04,0,81,203,436,0,13,0,0,0,0,0,2107,,,,
"1,309",2021-04,0,82,160,433,0,15,0,0,0,0,0,2107,,,,
"1,310",2021-04,0,83,141,300,0,14,0,0,0,0,0,2107,,,,
"1,311",2021-04,0,84,98,195,0,13,0,0,0,0,0,2107,,,,
"1,312",2021-04,0,85,83,154,0,13,0,0,0,0,0,2107,,,,
"1,313",2021-04,0,86,70,110,1,14,0,0,0,0,0,2107,,,,
"1,314",2021-04,0,87,48,92,0,13,0,0,0,0,0,2107,,,,
"1,315",2021-04,0,88,48,59,0,13,0,0,0,0,0,2107,,,,
"1,316",2021-04,0,89,14,40,0,13,0,0,0,0,0,2107,,,,
"1,317",2021-04,0,90,19,38,0,13,0,0,0,0,0,2107,,,,
"1,318",2021-04,0,91,19,29,0,13,0,0,0,0,0,2107,,,,
"1,319",2021-04,0,92,11,15,0,11,0,0,0,0,0,2107,,,,
"1,320",2021-04,0,93,15,11,0,13,0,0,0,0,0,2107,,,,
"1,321",2021-04,0,94,3,3,0,4,0,0,0,0,0,2107,,,,
"1,322",2021-04,0,95,4,1,0,8,0,0,0,0,0,2107,,,,
"1,323",2021-04,0,96,4,1,0,3,0,0,0,0,0,2107,,,,
"1,324",2021-04,0,97,5,3,0,9,0,0,0,0,0,2107,,,,
"1,325",2021-04,0,99,0,1,0,6,0,0,0,0,0,2107,,,,
"1,326",2021-04,0,101,1,0,0,1,0,0,0,0,0,2107,,,,
"1,327",2021-05,0,18,17,32,0,13,0,0,0,0,0,5279,,,,
"1,328",2021-05,0,19,113,293,0,14,0,0,0,0,0,5279,,,,
"1,329",2021-05,0,20,210,591,0,15,0,0,0,0,0,5279,,,,
"1,330",2021-05,0,21,346,"1,058",1,15,0,0,0,0,0,5279,,,,
"1,331",2021-05,0,22,475,"1,520",0,15,0,0,0,0,0,5279,,,,
"1,332",2021-05,0,23,613,"1,848",0,15,0,0,0,0,0,5279,,,,
"1,333",2021-05,0,24,924,"2,745",0,16,0,0,0,0,0,5279,,,,
"1,334",2021-05,0,25,"1,259","3,578",0,18,0,0,0,0,0,5279,,,,
"1,335",2021-05,0,26,"1,431","4,019",0,17,0,0,0,0,0,5279,,,,
"1,336",2021-05,0,27,"1,789","4,855",0,17,0,0,0,0,0,5279,,,,
"1,337",2021-05,0,28,"1,930","5,145",0,17,0,0,0,0,0,5279,,,,
"1,338",2021-05,0,29,"2,059","5,484",0,17,0,0,0,0,0,5279,,,,
"1,339",2021-05,1,30,"2,178","5,760",0,16,0,0,0,0,0,5279,,,,
"1,340",2021-05,1,31,"2,357","6,140",0,16,0,0,0,0,0,5279,,,,
"1,341",2021-05,1,32,"2,189","5,450",0,16,0,0,0,0,0,5279,,,,
"1,342",2021-05,1,33,"2,766","6,834",0,16,0,0,0,0,0,5279,,,,
"1,343",2021-05,1,34,"2,450","6,000",0,17,0,0,0,0,0,5279,,,,
"1,344",2021-05,1,35,"2,461","6,011",0,17,0,0,0,0,0,5279,,,,
"1,345",2021-05,1,36,"2,834","6,306",0,17,0,0,0,0,0,5279,,,,
"1,346",2021-05,1,37,"2,614","6,090",0,18,0,0,0,0,0,5279,,,,
"1,347",2021-05,1,38,"2,778","5,522",0,18,0,0,0,0,0,5279,,,,
"1,348",2021-05,1,39,"2,696","5,637",0,17,0,0,0,0,0,5279,,,,
"1,349",2021-05,1,40,"2,744","5,533",0,17,0,0,0,0,0,5279,,,,
"1,350",2021-05,1,41,"2,729","5,308",0,16,0,0,0,0,0,5279,,,,
"1,351",2021-05,1,42,"2,680","5,000",0,18,0,0,0,0,0,5279,,,,
"1,352",2021-05,1,43,"2,695","4,826",0,17,0,0,0,0,0,5279,,,,
"1,353",2021-05,1,44,"2,525","4,584",0,16,0,0,0,0,0,5279,,,,
"1,354",2021-05,1,45,"2,815","4,858",0,17,0,0,0,0,0,5279,,,,
"1,355",2021-05,1,46,"2,563","4,421",0,18,0,0,0,0,0,5279,,,,
"1,356",2021-05,1,47,"2,604","4,377",0,18,0,0,0,0,0,5279,,,,
"1,357",2021-05,1,48,"2,580","4,259",0,18,0,0,0,0,0,5279,,,,
"1,358",2021-05,1,49,"2,644","4,122",0,17,0,0,0,0,0,5279,,,,
"1,359",2021-05,1,50,"2,612","4,242",0,19,0,0,0,0,0,5279,,,,
"1,360",2021-05,1,51,"2,253","3,994",0,17,0,0,0,0,0,5279,,,,
"1,361",2021-05,1,52,"2,211","3,618",0,18,0,0,0,0,0,5279,,,,
"1,362",2021-05,1,53,"2,082","3,478",0,16,0,0,0,0,0,5279,,,,
"1,363",2021-05,0,54,"2,101","3,306",0,18,0,0,0,0,0,5279,,,,
"1,364",2021-05,1,55,"1,994","3,454",0,18,0,0,0,0,0,5279,,,,
"1,365",2021-05,1,56,"2,034","3,453",0,15,0,0,0,0,0,5279,,,,
"1,366",2021-05,1,57,"2,010","3,352",0,17,0,0,0,0,0,5279,,,,
"1,367",2021-05,0,58,"1,818","3,266",0,15,0,0,0,0,0,5279,,,,
"1,368",2021-05,0,59,"1,797","3,051",0,17,0,0,0,0,0,5279,,,,
"1,369",2021-05,0,60,"1,800","2,889",0,17,0,0,0,0,0,5279,,,,
"1,370",2021-05,0,61,"1,635","2,846",0,16,0,0,0,0,0,5279,,,,
"1,371",2021-05,0,62,"1,432","2,590",0,16,0,0,0,0,0,5279,,,,
"1,372",2021-05,0,63,"1,398","2,457",0,16,0,0,0,0,0,5279,,,,
"1,373",2021-05,0,64,"1,337","2,337",0,16,0,0,0,0,0,5279,,,,
"1,374",2021-05,0,65,"1,250","2,273",0,16,0,0,0,0,0,5279,,,,
"1,375",2021-05,0,66,"1,120","2,138",0,17,0,0,0,0,0,5279,,,,
"1,376",2021-05,0,67,"1,018","1,906",0,16,0,0,0,0,0,5279,,,,
"1,377",2021-05,0,68,993,"1,792",0,15,0,0,0,0,0,5279,,,,
"1,378",2021-05,0,69,886,"1,662",0,16,0,0,0,0,0,5279,,,,
"1,379",2021-05,0,70,760,"1,381",0,16,0,0,0,0,0,5279,,,,
"1,380",2021-05,0,71,680,"1,339",0,16,0,0,0,0,0,5279,,,,
"1,381",2021-05,0,72,643,"1,235",0,17,0,0,0,0,0,5279,,,,
"1,382",2021-05,0,73,583,"1,140",0,15,0,0,0,0,0,5279,,,,
"1,383",2021-05,0,74,559,"1,067",0,16,0,0,0,0,0,5279,,,,
"1,384",2021-05,0,75,497,891,0,16,0,0,0,0,0,5279,,,,
"1,385",2021-05,0,76,261,598,0,14,0,0,0,0,0,5279,,,,
"1,386",2021-05,0,77,316,562,0,13,0,0,0,0,0,5279,,,,
"1,387",2021-05,0,78,265,615,0,13,0,0,0,0,0,5279,,,,
"1,388",2021-05,0,79,245,419,0,13,0,0,0,0,0,5279,,,,
"1,389",2021-05,0,80,218,466,0,15,0,0,0,0,0,5279,,,,
"1,390",2021-05,0,81,170,368,0,13,0,0,0,0,0,5279,,,,
"1,391",2021-05,0,82,139,372,0,13,0,0,0,0,0,5279,,,,
"1,392",2021-05,0,83,112,252,0,14,0,0,0,0,0,5279,,,,
"1,393",2021-05,0,84,79,168,0,13,0,0,0,0,0,5279,,,,
"1,394",2021-05,0,85,78,129,0,13,0,0,0,0,0,5279,,,,
"1,395",2021-05,0,86,61,86,0,14,0,0,0,0,0,5279,,,,
"1,396",2021-05,0,87,39,79,0,13,0,0,0,0,0,5279,,,,
"1,397",2021-05,0,88,36,53,0,12,0,0,0,0,0,5279,,,,
"1,398",2021-05,0,89,17,30,0,12,0,0,0,0,0,5279,,,,
"1,399",2021-05,0,90,13,34,0,14,0,0,0,0,0,5279,,,,
"1,400",2021-05,0,91,12,19,0,12,0,0,0,0,0,5279,,,,
"1,401",2021-05,0,92,6,19,0,13,0,0,0,0,0,5279,,,,
"1,402",2021-05,0,93,9,9,0,12,0,0,0,0,0,5279,,,,
"1,403",2021-05,0,94,3,1,0,5,0,0,0,0,0,5279,,,,
"1,404",2021-05,0,95,3,0,0,6,0,0,0,0,0,5279,,,,
"1,405",2021-05,0,96,2,3,0,3,0,0,0,0,0,5279,,,,
"1,406",2021-05,0,97,4,3,0,3,0,0,0,0,0,5279,,,,
"1,407",2021-05,0,98,0,1,0,1,0,0,0,0,0,5279,,,,
"1,408",2021-05,0,99,0,1,0,4,0,0,0,0,0,5279,,,,
"1,409",2021-05,0,101,3,0,0,3,0,0,0,0,0,5279,,,,
"1,410",2021-06,0,18,19,60,0,14,0,1,0,0,1,5987,,,,
"1,411",2021-06,0,19,136,320,1,15,0,1,0,0,1,5987,,,,
"1,412",2021-06,0,20,217,614,0,15,0,1,0,0,1,5987,,,,
"1,413",2021-06,0,21,359,"1,052",1,16,0,1,0,0,1,5987,,,,
"1,414",2021-06,0,22,445,"1,476",0,16,0,1,0,0,1,5987,,,,
"1,415",2021-06,0,23,615,"1,826",0,16,0,1,0,0,1,5987,,,,
"1,416",2021-06,0,24,963,"2,701",0,16,0,1,0,0,1,5987,,,,
"1,417",2021-06,0,25,"1,237","3,506",0,18,0,1,0,0,1,5987,,,,
"1,418",2021-06,0,26,"1,432","4,025",0,18,0,1,0,0,1,5987,,,,
"1,419",2021-06,0,27,"1,761","4,688",0,17,0,1,0,0,1,5987,,,,
"1,420",2021-06,0,28,"1,929","5,060",0,18,0,1,0,0,1,5987,,,,
"1,421",2021-06,0,29,"2,076","5,288",0,16,0,1,0,0,1,5987,,,,
"1,422",2021-06,1,30,"2,169","5,654",0,18,0,1,0,0,1,5987,,,,
"1,423",2021-06,1,31,"2,283","6,064",0,17,0,1,0,0,1,5987,,,,
"1,424",2021-06,1,32,"2,184","5,470",0,17,0,1,0,0,1,5987,,,,
"1,425",2021-06,1,33,"2,776","6,845",0,16,0,1,0,0,1,5987,,,,
"1,426",2021-06,1,34,"2,374","5,902",0,18,0,1,0,0,1,5987,,,,
"1,427",2021-06,1,35,"2,448","5,976",0,17,0,1,0,0,1,5987,,,,
"1,428",2021-06,1,36,"2,816","6,214",0,17,0,1,0,0,1,5987,,,,
"1,429",2021-06,1,37,"2,649","6,111",0,19,0,1,0,0,1,5987,,,,
"1,430",2021-06,1,38,"2,759","5,515",0,18,0,1,0,0,1,5987,,,,
"1,431",2021-06,1,39,"2,649","5,656",0,17,0,1,0,0,1,5987,,,,
"1,432",2021-06,1,40,"2,754","5,592",0,17,0,1,0,0,1,5987,,,,
"1,433",2021-06,1,41,"2,709","5,258",0,17,0,1,0,0,1,5987,,,,
"1,434",2021-06,1,42,"2,650","4,948",0,17,0,1,0,0,1,5987,,,,
"1,435",2021-06,1,43,"2,696","4,852",0,18,0,1,0,0,1,5987,,,,
"1,436",2021-06,1,44,"2,556","4,619",0,16,0,1,0,0,1,5987,,,,
"1,437",2021-06,1,45,"2,770","4,955",0,16,0,1,0,0,1,5987,,,,
"1,438",2021-06,1,46,"2,565","4,440",0,16,0,1,0,0,1,5987,,,,
"1,439",2021-06,1,47,"2,625","4,398",0,17,0,1,0,0,1,5987,,,,
"1,440",2021-06,1,48,"2,547","4,415",0,18,0,1,0,0,1,5987,,,,
"1,441",2021-06,1,49,"2,609","4,223",0,17,0,1,0,0,1,5987,,,,
"1,442",2021-06,1,50,"2,594","4,298",0,19,0,1,0,0,1,5987,,,,
"1,443",2021-06,1,51,"2,252","4,079",0,17,0,1,0,0,1,5987,,,,
"1,444",2021-06,1,52,"2,226","3,591",0,18,0,1,0,0,1,5987,,,,
"1,445",2021-06,1,53,"2,109","3,552",0,16,0,1,0,0,1,5987,,,,
"1,446",2021-06,0,54,"2,096","3,315",0,17,0,1,0,0,1,5987,,,,
"1,447",2021-06,1,55,"2,024","3,529",0,18,0,1,0,0,1,5987,,,,
"1,448",2021-06,1,56,"1,980","3,629",0,17,0,1,0,0,1,5987,,,,
"1,449",2021-06,1,57,"2,009","3,447",0,17,0,1,0,0,1,5987,,,,
"1,450",2021-06,0,58,"1,775","3,290",0,16,0,1,0,0,1,5987,,,,
"1,451",2021-06,0,59,"1,829","3,125",0,18,0,1,0,0,1,5987,,,,
"1,452",2021-06,0,60,"1,772","2,949",0,16,0,1,0,0,1,5987,,,,
"1,453",2021-06,0,61,"1,602","2,829",0,18,0,1,0,0,1,5987,,,,
"1,454",2021-06,0,62,"1,487","2,644",0,16,0,1,0,0,1,5987,,,,
"1,455",2021-06,0,63,"1,385","2,401",0,15,0,1,0,0,1,5987,,,,
"1,456",2021-06,0,64,"1,336","2,279",0,17,0,1,0,0,1,5987,,,,
"1,457",2021-06,0,65,"1,225","2,294",0,18,0,1,0,0,1,5987,,,,
"1,458",2021-06,0,66,"1,103","2,073",0,16,0,1,0,0,1,5987,,,,
"1,459",2021-06,0,67,985,"1,886",0,16,0,1,0,0,1,5987,,,,
"1,460",2021-06,0,68,978,"1,740",0,16,0,1,0,0,1,5987,,,,
"1,461",2021-06,0,69,834,"1,622",0,18,0,1,0,0,1,5987,,,,
"1,462",2021-06,0,70,710,"1,381",0,14,0,1,0,0,1,5987,,,,
"1,463",2021-06,0,71,677,"1,314",0,17,0,1,0,0,1,5987,,,,
"1,464",2021-06,0,72,617,"1,265",0,16,0,1,0,0,1,5987,,,,
"1,465",2021-06,0,73,580,"1,147",0,16,0,1,0,0,1,5987,,,,
"1,466",2021-06,0,74,530,"1,029",0,17,0,1,0,0,1,5987,,,,
"1,467",2021-06,0,75,502,869,0,14,0,1,0,0,1,5987,,,,
"1,468",2021-06,0,76,274,560,0,14,0,1,0,0,1,5987,,,,
"1,469",2021-06,0,77,319,557,0,13,0,1,0,0,1,5987,,,,
"1,470",2021-06,0,78,266,611,0,13,0,1,0,0,1,5987,,,,
"1,471",2021-06,0,79,246,427,0,14,0,1,0,0,1,5987,,,,
"1,472",2021-06,0,80,214,426,0,15,0,1,0,0,1,5987,,,,
"1,473",2021-06,0,81,186,328,0,13,0,1,0,0,1,5987,,,,
"1,474",2021-06,0,82,122,361,0,13,0,1,0,0,1,5987,,,,
"1,475",2021-06,0,83,114,238,0,14,0,1,0,0,1,5987,,,,
"1,476",2021-06,0,84,82,164,0,13,0,1,0,0,1,5987,,,,
"1,477",2021-06,0,85,60,123,0,13,0,1,0,0,1,5987,,,,
"1,478",2021-06,0,86,67,91,0,14,0,1,0,0,1,5987,,,,
"1,479",2021-06,0,87,46,80,0,13,0,1,0,0,1,5987,,,,
"1,480",2021-06,0,88,32,48,0,13,0,1,0,0,1,5987,,,,
"1,481",2021-06,0,89,12,32,0,13,0,1,0,0,1,5987,,,,
"1,482",2021-06,0,90,12,28,0,12,0,1,0,0,1,5987,,,,
"1,483",2021-06,0,91,13,22,0,12,0,1,0,0,1,5987,,,,
"1,484",2021-06,0,92,6,14,0,13,0,1,0,0,1,5987,,,,
"1,485",2021-06,0,93,8,9,0,11,0,1,0,0,1,5987,,,,
"1,486",2021-06,0,94,4,3,0,8,0,1,0,0,1,5987,,,,
"1,487",2021-06,0,95,2,1,0,8,0,1,0,0,1,5987,,,,
"1,488",2021-06,0,96,1,2,0,3,0,1,0,0,1,5987,,,,
"1,489",2021-06,0,97,3,2,0,5,0,1,0,0,1,5987,,,,
"1,490",2021-06,0,98,1,1,0,2,0,1,0,0,1,5987,,,,
"1,491",2021-06,0,99,0,1,0,4,0,1,0,0,1,5987,,,,
"1,492",2021-06,0,101,2,0,0,2,0,1,0,0,1,5987,,,,
"1,493",2021-07,0,18,27,68,0,13,0,1,0,0,1,11655,,,,
"1,494",2021-07,0,19,137,322,0,14,0,1,0,0,1,11655,,,,
"1,495",2021-07,0,20,223,578,0,15,0,1,0,0,1,11655,,,,
"1,496",2021-07,0,21,347,"1,010",0,16,0,1,0,0,1,11655,,,,
"1,497",2021-07,0,22,419,"1,289",0,15,0,1,0,0,1,11655,,,,
"1,498",2021-07,0,23,556,"1,628",0,16,0,1,0,0,1,11655,,,,
"1,499",2021-07,0,24,886,"2,448",0,16,0,1,0,0,1,11655,,,,
"1,500",2021-07,0,25,"1,148","3,199",0,16,0,1,0,0,1,11655,,,,
"1,501",2021-07,0,26,"1,319","3,522",0,15,0,1,0,0,1,11655,,,,
"1,502",2021-07,0,27,"1,642","4,149",0,16,0,1,0,0,1,11655,,,,
"1,503",2021-07,0,28,"1,755","4,491",0,18,0,1,0,0,1,11655,,,,
"1,504",2021-07,0,29,"1,790","4,707",0,16,0,1,0,0,1,11655,,,,
"1,505",2021-07,1,30,"1,957","5,155",0,17,0,1,0,0,1,11655,,,,
"1,506",2021-07,1,31,"2,057","5,453",0,15,0,1,0,0,1,11655,,,,
"1,507",2021-07,1,32,"1,936","4,852",0,18,0,1,0,0,1,11655,,,,
"1,508",2021-07,1,33,"2,495","6,076",0,15,0,1,0,0,1,11655,,,,
"1,509",2021-07,1,34,"2,139","5,307",0,17,0,1,0,0,1,11655,,,,
"1,510",2021-07,1,35,"2,180","5,298",0,16,0,1,0,0,1,11655,,,,
"1,511",2021-07,1,36,"2,547","5,586",0,17,0,1,0,0,1,11655,,,,
"1,512",2021-07,1,37,"2,413","5,414",0,17,0,1,0,0,1,11655,,,,
"1,513",2021-07,1,38,"2,469","4,951",0,18,0,1,0,0,1,11655,,,,
"1,514",2021-07,1,39,"2,392","5,049",0,18,0,1,0,0,1,11655,,,,
"1,515",2021-07,1,40,"2,504","5,060",0,17,0,1,0,0,1,11655,,,,
"1,516",2021-07,1,41,"2,347","4,782",0,17,0,1,0,0,1,11655,,,,
"1,517",2021-07,1,42,"2,389","4,469",0,18,0,1,0,0,1,11655,,,,
"1,518",2021-07,1,43,"2,421","4,298",0,17,0,1,0,0,1,11655,,,,
"1,519",2021-07,1,44,"2,201","4,142",0,16,0,1,0,0,1,11655,,,,
"1,520",2021-07,1,45,"2,551","4,435",0,17,0,1,0,0,1,11655,,,,
"1,521",2021-07,1,46,"2,355","4,064",0,17,0,1,0,0,1,11655,,,,
"1,522",2021-07,1,47,"2,304","3,962",0,15,0,1,0,0,1,11655,,,,
"1,523",2021-07,1,48,"2,296","3,941",0,17,0,1,0,0,1,11655,,,,
"1,524",2021-07,1,49,"2,337","3,794",0,19,0,1,0,0,1,11655,,,,
"1,525",2021-07,1,50,"2,321","4,005",0,19,0,1,0,0,1,11655,,,,
"1,526",2021-07,1,51,"2,088","3,689",0,16,0,1,0,0,1,11655,,,,
"1,527",2021-07,1,52,"1,964","3,294",0,19,0,1,0,0,1,11655,,,,
"1,528",2021-07,1,53,"1,848","3,136",0,18,0,1,0,0,1,11655,,,,
"1,529",2021-07,0,54,"1,849","3,025",0,17,0,1,0,0,1,11655,,,,
"1,530",2021-07,1,55,"1,805","3,199",0,18,0,1,0,0,1,11655,,,,
"1,531",2021-07,1,56,"1,821","3,269",0,17,0,1,0,0,1,11655,,,,
"1,532",2021-07,1,57,"1,807","3,033",0,17,0,1,0,0,1,11655,,,,
"1,533",2021-07,0,58,"1,604","2,969",0,16,0,1,0,0,1,11655,,,,
"1,534",2021-07,0,59,"1,630","2,781",0,18,0,1,0,0,1,11655,,,,
"1,535",2021-07,0,60,"1,613","2,693",0,17,0,1,0,0,1,11655,,,,
"1,536",2021-07,0,61,"1,428","2,510",0,17,0,1,0,0,1,11655,,,,
"1,537",2021-07,0,62,"1,254","2,378",0,18,0,1,0,0,1,11655,,,,
"1,538",2021-07,0,63,"1,234","2,206",0,17,0,1,0,0,1,11655,,,,
"1,539",2021-07,0,64,"1,146","2,067",0,16,0,1,0,0,1,11655,,,,
"1,540",2021-07,0,65,"1,104","2,036",0,16,0,1,0,0,1,11655,,,,
"1,541",2021-07,0,66,"1,002","1,857",0,17,0,1,0,0,1,11655,,,,
"1,542",2021-07,0,67,929,"1,714",0,17,0,1,0,0,1,11655,,,,
"1,543",2021-07,0,68,898,"1,626",0,15,0,1,0,0,1,11655,,,,
"1,544",2021-07,0,69,790,"1,480",0,17,0,1,0,0,1,11655,,,,
"1,545",2021-07,0,70,633,"1,242",0,16,0,1,0,0,1,11655,,,,
"1,546",2021-07,0,71,608,"1,152",0,15,0,1,0,0,1,11655,,,,
"1,547",2021-07,0,72,572,"1,168",0,16,0,1,0,0,1,11655,,,,
"1,548",2021-07,0,73,519,"1,035",0,15,0,1,0,0,1,11655,,,,
"1,549",2021-07,0,74,482,955,0,15,0,1,0,0,1,11655,,,,
"1,550",2021-07,0,75,444,802,0,16,0,1,0,0,1,11655,,,,
"1,551",2021-07,0,76,231,526,0,16,0,1,0,0,1,11655,,,,
"1,552",2021-07,0,77,303,509,0,16,0,1,0,0,1,11655,,,,
"1,553",2021-07,0,78,243,560,0,14,0,1,0,0,1,11655,,,,
"1,554",2021-07,0,79,217,366,0,15,0,1,0,0,1,11655,,,,
"1,555",2021-07,0,80,183,412,0,14,0,1,0,0,1,11655,,,,
"1,556",2021-07,0,81,148,305,0,13,0,1,0,0,1,11655,,,,
"1,557",2021-07,0,82,125,326,0,14,0,1,0,0,1,11655,,,,
"1,558",2021-07,0,83,97,219,0,14,0,1,0,0,1,11655,,,,
"1,559",2021-07,0,84,76,155,0,13,0,1,0,0,1,11655,,,,
"1,560",2021-07,0,85,66,93,1,14,0,1,0,0,1,11655,,,,
"1,561",2021-07,0,86,53,87,0,15,0,1,0,0,1,11655,,,,
"1,562",2021-07,0,87,37,63,0,14,0,1,0,0,1,11655,,,,
"1,563",2021-07,0,88,33,50,0,12,0,1,0,0,1,11655,,,,
"1,564",2021-07,0,89,14,29,0,12,0,1,0,0,1,11655,,,,
"1,565",2021-07,0,90,16,25,0,12,0,1,0,0,1,11655,,,,
"1,566",2021-07,0,91,15,22,0,12,0,1,0,0,1,11655,,,,
"1,567",2021-07,0,92,7,14,0,13,0,1,0,0,1,11655,,,,
"1,568",2021-07,0,93,5,10,0,10,0,1,0,0,1,11655,,,,
"1,569",2021-07,0,94,2,2,0,5,0,1,0,0,1,11655,,,,
"1,570",2021-07,0,95,3,0,0,7,0,1,0,0,1,11655,,,,
"1,571",2021-07,0,96,1,1,0,2,0,1,0,0,1,11655,,,,
"1,572",2021-07,0,97,2,1,0,3,0,1,0,0,1,11655,,,,
"1,573",2021-07,0,98,0,1,0,1,0,1,0,0,1,11655,,,,
"1,574",2021-07,0,99,0,1,0,6,0,1,0,0,1,11655,,,,
"1,575",2021-07,0,101,2,0,0,2,0,1,0,0,1,11655,,,,
